Date,Gitega
19810101,43
19810102,51
19810103,0
19810104,0
19810105,0
19810106,7
19810107,0
19810108,0
19810109,0
19810110,0
19810111,0
19810112,0
19810113,0
19810114,0
19810115,0
19810116,0
19810117,0
19810118,0
19810119,0
19810120,0
19810121,5
19810122,0
19810123,0
19810124,0
19810125,11
19810126,0
19810127,0
19810128,7
19810129,0
19810130,0
19810131,0
19810201,0
19810202,0
19810203,0
19810204,8
19810205,0
19810206,0
19810207,0
19810208,0
19810209,14
19810210,0
19810211,0
19810212,0
19810213,0
19810214,0
19810215,0
19810216,27
19810217,4
19810218,19
19810219,5
19810220,0
19810221,8
19810222,0
19810223,0
19810224,0
19810225,23
19810226,14
19810227,0
19810228,0
19810301,0
19810302,0
19810303,0
19810304,0
19810305,0
19810306,0
19810307,0
19810308,0
19810309,0
19810310,0
19810311,0
19810312,0
19810313,0
19810314,0
19810315,21
19810316,27
19810317,21
19810318,1
19810319,0
19810320,0
19810321,0
19810322,0
19810323,24
19810324,3
19810325,0
19810326,8
19810327,0
19810328,9
19810329,15
19810330,11
19810331,27
19810401,6
19810402,0
19810403,0
19810404,0
19810405,3
19810406,0
19810407,0
19810408,4
19810409,14
19810410,52
19810411,22
19810412,43
19810413,0
19810414,0
19810415,0
19810416,0
19810417,0
19810418,12
19810419,12
19810420,0
19810421,0
19810422,0
19810423,0
19810424,0
19810425,14
19810426,11
19810427,0
19810428,0
19810429,0
19810430,0
19810501,0
19810502,0
19810503,26
19810504,0
19810505,0
19810506,11
19810507,0
19810508,0
19810509,3
19810510,0
19810511,8
19810512,0
19810513,6
19810514,2
19810515,0
19810516,1
19810517,0
19810518,0
19810519,0
19810520,0
19810521,0
19810522,0
19810523,0
19810524,0
19810525,0
19810526,0
19810527,0
19810528,0
19810529,0
19810530,0
19810531,10
19810601,0
19810602,0
19810603,0
19810604,0
19810605,0
19810606,0
19810607,0
19810608,0
19810609,0
19810610,0
19810611,0
19810612,0
19810613,0
19810614,0
19810615,0
19810616,0
19810617,0
19810618,0
19810619,0
19810620,0
19810621,0
19810622,0
19810623,0
19810624,0
19810625,0
19810626,0
19810627,0
19810628,0
19810629,0
19810630,0
19810701,0
19810702,0
19810703,0
19810704,0
19810705,0
19810706,0
19810707,0
19810708,0
19810709,0
19810710,0
19810711,0
19810712,0
19810713,0
19810714,0
19810715,0
19810716,0
19810717,0
19810718,0
19810719,0
19810720,0
19810721,0
19810722,0
19810723,0
19810724,0
19810725,0
19810726,0
19810727,0
19810728,0
19810729,0
19810730,0
19810731,0
19810801,0
19810802,0
19810803,0
19810804,0
19810805,0
19810806,0
19810807,0
19810808,0
19810809,0
19810810,0
19810811,0
19810812,0
19810813,0
19810814,4
19810815,5
19810816,87
19810817,45
19810818,8
19810819,0
19810820,0
19810821,0
19810822,0
19810823,0
19810824,0
19810825,0
19810826,13
19810827,0
19810828,6
19810829,0
19810830,3
19810831,0
19810901,0
19810902,0
19810903,0
19810904,0
19810905,0
19810906,0
19810907,0
19810908,0
19810909,7
19810910,3
19810911,0
19810912,0
19810913,0
19810914,9
19810915,0
19810916,0
19810917,0
19810918,0
19810919,0
19810920,5
19810921,0
19810922,0
19810923,0
19810924,0
19810925,0
19810926,0
19810927,16
19810928,0
19810929,52
19810930,0
19811001,0
19811002,0
19811003,0
19811004,6
19811005,0
19811006,0
19811007,9
19811008,7
19811009,5
19811010,8
19811011,10
19811012,2
19811013,0
19811014,0
19811015,0
19811016,0
19811017,0
19811018,0
19811019,7
19811020,5
19811021,0
19811022,0
19811023,0
19811024,0
19811025,0
19811026,0
19811027,7
19811028,17
19811029,4
19811030,0
19811031,6
19811101,0
19811102,0
19811103,0
19811104,0
19811105,0
19811106,0
19811107,0
19811108,0
19811109,4
19811110,15
19811111,8
19811112,0
19811113,0
19811114,0
19811115,0
19811116,0
19811117,0
19811118,0
19811119,0
19811120,0
19811121,3
19811122,0
19811123,0
19811124,0
19811125,0
19811126,11
19811127,0
19811128,28
19811129,0
19811130,0
19811201,0
19811202,0
19811203,0
19811204,0
19811205,11
19811206,13
19811207,7
19811208,0
19811209,0
19811210,11
19811211,0
19811212,0
19811213,0
19811214,0
19811215,0
19811216,0
19811217,0
19811218,0
19811219,11
19811220,6
19811221,2
19811222,10
19811223,11
19811224,0
19811225,0
19811226,0
19811227,0
19811228,0
19811229,0
19811230,0
19811231,0
19820101,0
19820102,0
19820103,0
19820104,0
19820105,0
19820106,0
19820107,2
19820108,0
19820109,0
19820110,0
19820111,11
19820112,3
19820113,0
19820114,0
19820115,0
19820116,37
19820117,0
19820118,0
19820119,7
19820120,7
19820121,13
19820122,0
19820123,0
19820124,0
19820125,0
19820126,0
19820127,0
19820128,0
19820129,0
19820130,10
19820131,0
19820201,0
19820202,0
19820203,0
19820204,0
19820205,0
19820206,0
19820207,0
19820208,0
19820209,0
19820210,0
19820211,0
19820212,0
19820213,8
19820214,0
19820215,0
19820216,0
19820217,1
19820218,0
19820219,0
19820220,0
19820221,0
19820222,0
19820223,0
19820224,0
19820225,0
19820226,0
19820227,4
19820228,5
19820301,0
19820302,0
19820303,0
19820304,0
19820305,0
19820306,0
19820307,8
19820308,4
19820309,0
19820310,0
19820311,0
19820312,0
19820313,0
19820314,0
19820315,0
19820316,0
19820317,22
19820318,0
19820319,0
19820320,21
19820321,0
19820322,0
19820323,0
19820324,0
19820325,0
19820326,0
19820327,0
19820328,0
19820329,0
19820330,0
19820331,0
19820401,33
19820402,21
19820403,0
19820404,0
19820405,20
19820406,0
19820407,6
19820408,0
19820409,0
19820410,0
19820411,0
19820412,0
19820413,0
19820414,0
19820415,0
19820416,0
19820417,0
19820418,8
19820419,0
19820420,0
19820421,61
19820422,5
19820423,13
19820424,15
19820425,18
19820426,0
19820427,0
19820428,0
19820429,7
19820430,0
19820501,0
19820502,0
19820503,0
19820504,0
19820505,0
19820506,10
19820507,6
19820508,0
19820509,13
19820510,27
19820511,0
19820512,0
19820513,5
19820514,0
19820515,11
19820516,6
19820517,5
19820518,0
19820519,0
19820520,0
19820521,0
19820522,0
19820523,0
19820524,0
19820525,0
19820526,0
19820527,0
19820528,18
19820529,0
19820530,0
19820531,0
19820601,7
19820602,5
19820603,0
19820604,0
19820605,0
19820606,0
19820607,0
19820608,0
19820609,0
19820610,0
19820611,0
19820612,0
19820613,0
19820614,0
19820615,0
19820616,0
19820617,0
19820618,0
19820619,0
19820620,0
19820621,0
19820622,0
19820623,0
19820624,6
19820625,0
19820626,0
19820627,0
19820628,0
19820629,0
19820630,0
19820701,0
19820702,0
19820703,0
19820704,0
19820705,0
19820706,0
19820707,0
19820708,0
19820709,0
19820710,0
19820711,0
19820712,0
19820713,0
19820714,0
19820715,0
19820716,0
19820717,0
19820718,0
19820719,0
19820720,0
19820721,0
19820722,0
19820723,0
19820724,0
19820725,0
19820726,0
19820727,0
19820728,0
19820729,0
19820730,0
19820731,0
19820801,0
19820802,0
19820803,0
19820804,0
19820805,0
19820806,0
19820807,0
19820808,0
19820809,0
19820810,0
19820811,0
19820812,0
19820813,0
19820814,0
19820815,0
19820816,0
19820817,0
19820818,0
19820819,0
19820820,0
19820821,0
19820822,0
19820823,0
19820824,0
19820825,0
19820826,0
19820827,0
19820828,0
19820829,0
19820830,0
19820831,0
19820901,0
19820902,0
19820903,0
19820904,0
19820905,0
19820906,0
19820907,0
19820908,0
19820909,0
19820910,0
19820911,0
19820912,0
19820913,0
19820914,0
19820915,0
19820916,0
19820917,0
19820918,0
19820919,0
19820920,36
19820921,0
19820922,0
19820923,31
19820924,0
19820925,0
19820926,0
19820927,0
19820928,0
19820929,0
19820930,0
19821001,0
19821002,0
19821003,2
19821004,0
19821005,0
19821006,0
19821007,0
19821008,0
19821009,0
19821010,0
19821011,3
19821012,13
19821013,0
19821014,4
19821015,0
19821016,0
19821017,8
19821018,0
19821019,4
19821020,0
19821021,0
19821022,39
19821023,5
19821024,5
19821025,17
19821026,0
19821027,0
19821028,4
19821029,0
19821030,0
19821031,0
19821101,0
19821102,0
19821103,0
19821104,0
19821105,18
19821106,0
19821107,11
19821108,0
19821109,0
19821110,0
19821111,10
19821112,2
19821113,10
19821114,0
19821115,0
19821116,0
19821117,4
19821118,0
19821119,10
19821120,0
19821121,0
19821122,0
19821123,0
19821124,4
19821125,28
19821126,0
19821127,0
19821128,0
19821129,11
19821130,0
19821201,9
19821202,93
19821203,18
19821204,4
19821205,0
19821206,0
19821207,0
19821208,73
19821209,9
19821210,0
19821211,0
19821212,0
19821213,14
19821214,10
19821215,22
19821216,3
19821217,0
19821218,0
19821219,15
19821220,0
19821221,0
19821222,14
19821223,7
19821224,0
19821225,0
19821226,0
19821227,0
19821228,0
19821229,0
19821230,0
19821231,0
19830101,0
19830102,0
19830103,0
19830104,0
19830105,0
19830106,0
19830107,6
19830108,0
19830109,0
19830110,0
19830111,0
19830112,0
19830113,0
19830114,0
19830115,0
19830116,0
19830117,0
19830118,0
19830119,0
19830120,0
19830121,0
19830122,0
19830123,0
19830124,0
19830125,0
19830126,0
19830127,0
19830128,0
19830129,0
19830130,0
19830131,0
19830201,0
19830202,0
19830203,0
19830204,0
19830205,24
19830206,17
19830207,0
19830208,0
19830209,0
19830210,0
19830211,2
19830212,15
19830213,0
19830214,0
19830215,0
19830216,0
19830217,4
19830218,26
19830219,8
19830220,0
19830221,0
19830222,0
19830223,0
19830224,0
19830225,0
19830226,0
19830227,0
19830228,0
19830301,0
19830302,10
19830303,0
19830304,0
19830305,0
19830306,0
19830307,0
19830308,0
19830309,0
19830310,0
19830311,4
19830312,0
19830313,26
19830314,0
19830315,0
19830316,12
19830317,0
19830318,0
19830319,0
19830320,0
19830321,0
19830322,6
19830323,0
19830324,0
19830325,0
19830326,0
19830327,0
19830328,0
19830329,9
19830330,0
19830331,0
19830401,0
19830402,12
19830403,5
19830404,0
19830405,6
19830406,0
19830407,0
19830408,0
19830409,5
19830410,0
19830411,0
19830412,0
19830413,0
19830414,0
19830415,0
19830416,6
19830417,0
19830418,1
19830419,17
19830420,0
19830421,0
19830422,12
19830423,21
19830424,7
19830425,8
19830426,0
19830427,22
19830428,12
19830429,0
19830430,0
19830501,3
19830502,0
19830503,0
19830504,0
19830505,9
19830506,0
19830507,0
19830508,0
19830509,0
19830510,0
19830511,0
19830512,0
19830513,0
19830514,0
19830515,0
19830516,0
19830517,0
19830518,0
19830519,0
19830520,0
19830521,0
19830522,0
19830523,0
19830524,0
19830525,0
19830526,2
19830527,0
19830528,0
19830529,0
19830530,0
19830531,3
19830601,0
19830602,0
19830603,0
19830604,0
19830605,0
19830606,0
19830607,0
19830608,0
19830609,0
19830610,0
19830611,0
19830612,0
19830613,0
19830614,0
19830615,0
19830616,0
19830617,0
19830618,0
19830619,0
19830620,0
19830621,0
19830622,0
19830623,76
19830624,0
19830625,0
19830626,0
19830627,0
19830628,0
19830629,0
19830630,0
19830701,0
19830702,0
19830703,0
19830704,0
19830705,0
19830706,0
19830707,0
19830708,0
19830709,0
19830710,0
19830711,0
19830712,0
19830713,0
19830714,0
19830715,0
19830716,0
19830717,0
19830718,0
19830719,0
19830720,0
19830721,0
19830722,0
19830723,0
19830724,0
19830725,0
19830726,0
19830727,0
19830728,0
19830729,0
19830730,0
19830731,0
19830801,0
19830802,0
19830803,0
19830804,0
19830805,0
19830806,0
19830807,0
19830808,0
19830809,0
19830810,4
19830811,0
19830812,0
19830813,0
19830814,0
19830815,0
19830816,0
19830817,0
19830818,0
19830819,0
19830820,0
19830821,0
19830822,0
19830823,0
19830824,4
19830825,0
19830826,0
19830827,0
19830828,0
19830829,0
19830830,0
19830831,0
19830901,0
19830902,0
19830903,0
19830904,30
19830905,0
19830906,0
19830907,0
19830908,0
19830909,0
19830910,0
19830911,0
19830912,4
19830913,0
19830914,0
19830915,0
19830916,0
19830917,0
19830918,0
19830919,0
19830920,0
19830921,0
19830922,0
19830923,0
19830924,0
19830925,3
19830926,0
19830927,6
19830928,0
19830929,0
19830930,0
19831001,0
19831002,0
19831003,26
19831004,0
19831005,0
19831006,0
19831007,15
19831008,0
19831009,2
19831010,0
19831011,27
19831012,46
19831013,9
19831014,14
19831015,0
19831016,8
19831017,0
19831018,3
19831019,0
19831020,0
19831021,0
19831022,0
19831023,0
19831024,1
19831025,0
19831026,3
19831027,0
19831028,0
19831029,0
19831030,0
19831031,0
19831101,0
19831102,9
19831103,0
19831104,5
19831105,0
19831106,15
19831107,16
19831108,0
19831109,0
19831110,12
19831111,8
19831112,11
19831113,4
19831114,0
19831115,0
19831116,0
19831117,9
19831118,36
19831119,6
19831120,9
19831121,0
19831122,0
19831123,0
19831124,0
19831125,25
19831126,0
19831127,0
19831128,11
19831129,0
19831130,12
19831201,5
19831202,7
19831203,49
19831204,0
19831205,0
19831206,0
19831207,24
19831208,2
19831209,15
19831210,0
19831211,0
19831212,0
19831213,0
19831214,0
19831215,7
19831216,0
19831217,0
19831218,0
19831219,0
19831220,0
19831221,18
19831222,0
19831223,0
19831224,0
19831225,0
19831226,0
19831227,7
19831228,0
19831229,0
19831230,0
19831231,42
19840101,0
19840102,0
19840103,0
19840104,0
19840105,2
19840106,0
19840107,0
19840108,0
19840109,0
19840110,0
19840111,0
19840112,16
19840113,0
19840114,4
19840115,0
19840116,0
19840117,0
19840118,0
19840119,7
19840120,0
19840121,0
19840122,0
19840123,0
19840124,0
19840125,6
19840126,0
19840127,0
19840128,0
19840129,0
19840130,0
19840131,13
19840201,0
19840202,12
19840203,0
19840204,5
19840205,0
19840206,0
19840207,0
19840208,0
19840209,0
19840210,0
19840211,0
19840212,0
19840213,0
19840214,9
19840215,5
19840216,0
19840217,0
19840218,0
19840219,4
19840220,0
19840221,0
19840222,10
19840223,0
19840224,0
19840225,3
19840226,39
19840227,0
19840228,10
19840229,0
19840301,0
19840302,0
19840303,7
19840304,0
19840305,0
19840306,0
19840307,0
19840308,0
19840309,0
19840310,0
19840311,0
19840312,31
19840313,0
19840314,0
19840315,6
19840316,4
19840317,6
19840318,0
19840319,0
19840320,0
19840321,0
19840322,0
19840323,0
19840324,0
19840325,0
19840326,0
19840327,2
19840328,3
19840329,3
19840330,25
19840331,0
19840401,0
19840402,0
19840403,0
19840404,1
19840405,3
19840406,8
19840407,0
19840408,17
19840409,22
19840410,0
19840411,0
19840412,0
19840413,0
19840414,3
19840415,20
19840416,0
19840417,0
19840418,0
19840419,0
19840420,0
19840421,0
19840422,0
19840423,0
19840424,45
19840425,0
19840426,0
19840427,0
19840428,0
19840429,0
19840430,3
19840501,0
19840502,0
19840503,0
19840504,0
19840505,0
19840506,0
19840507,0
19840508,0
19840509,0
19840510,0
19840511,0
19840512,4
19840513,4
19840514,0
19840515,0
19840516,0
19840517,0
19840518,0
19840519,0
19840520,0
19840521,0
19840522,0
19840523,0
19840524,0
19840525,0
19840526,0
19840527,0
19840528,0
19840529,0
19840530,0
19840531,0
19840601,0
19840602,0
19840603,0
19840604,0
19840605,0
19840606,0
19840607,0
19840608,0
19840609,0
19840610,0
19840611,0
19840612,0
19840613,0
19840614,0
19840615,0
19840616,0
19840617,0
19840618,0
19840619,0
19840620,0
19840621,0
19840622,0
19840623,0
19840624,0
19840625,0
19840626,0
19840627,0
19840628,0
19840629,0
19840630,0
19840701,0
19840702,0
19840703,0
19840704,0
19840705,0
19840706,0
19840707,0
19840708,0
19840709,0
19840710,0
19840711,0
19840712,0
19840713,0
19840714,0
19840715,0
19840716,0
19840717,0
19840718,0
19840719,0
19840720,0
19840721,0
19840722,38
19840723,73
19840724,0
19840725,0
19840726,0
19840727,0
19840728,0
19840729,0
19840730,0
19840731,0
19840801,0
19840802,0
19840803,0
19840804,0
19840805,0
19840806,0
19840807,0
19840808,0
19840809,0
19840810,0
19840811,0
19840812,0
19840813,0
19840814,0
19840815,0
19840816,0
19840817,0
19840818,0
19840819,0
19840820,0
19840821,0
19840822,0
19840823,0
19840824,0
19840825,55.8
19840826,0
19840827,0.1
19840828,2.3
19840829,1.2
19840830,0
19840831,0
19840901,0
19840902,0
19840903,0
19840904,9.5
19840905,0
19840906,0
19840907,1.3
19840908,0
19840909,0
19840910,0
19840911,0
19840912,1.1
19840913,0.3
19840914,0
19840915,0
19840916,0
19840917,0
19840918,2.8
19840919,0
19840920,1.9
19840921,0.1
19840922,0
19840923,0
19840924,0
19840925,0
19840926,0
19840927,0
19840928,0
19840929,2
19840930,4.1
19841001,5.5
19841002,12.5
19841003,0
19841004,0.3
19841005,3.7
19841006,23.2
19841007,1.2
19841008,2.2
19841009,0.9
19841010,1.3
19841011,0
19841012,0
19841013,3.3
19841014,0
19841015,0
19841016,0
19841017,0
19841018,0
19841019,0
19841020,0.5
19841021,0.6
19841022,0.1
19841023,1.6
19841024,1.2
19841025,10.9
19841026,5.6
19841027,0
19841028,1.1
19841029,0
19841030,0
19841031,2.9
19841101,0
19841102,7.7
19841103,2.6
19841104,1.9
19841105,0.5
19841106,11.7
19841107,8
19841108,1.8
19841109,2.5
19841110,3.4
19841111,17
19841112,0.5
19841113,6.5
19841114,4.3
19841115,0
19841116,11.5
19841117,0
19841118,0
19841119,5.7
19841120,3.4
19841121,0
19841122,0
19841123,6.4
19841124,6.4
19841125,0
19841126,1.3
19841127,12.6
19841128,0
19841129,26
19841130,0
19841201,7.3
19841202,0
19841203,0
19841204,2
19841205,3.5
19841206,0
19841207,0
19841208,14.7
19841209,4.7
19841210,2
19841211,23
19841212,2.9
19841213,0
19841214,3
19841215,0
19841216,0
19841217,0
19841218,0
19841219,0
19841220,0
19841221,0
19841222,4
19841223,0
19841224,0
19841225,0
19841226,1.8
19841227,0
19841228,7.9
19841229,0
19841230,12
19841231,0
19850101,2.3
19850102,0
19850103,0.5
19850104,0
19850105,0
19850106,0
19850107,0.8
19850108,0
19850109,0
19850110,0
19850111,0
19850112,0
19850113,0
19850114,0
19850115,0
19850116,0
19850117,0
19850118,0
19850119,1.5
19850120,1.9
19850121,0
19850122,0
19850123,0
19850124,0
19850125,0
19850126,0
19850127,0
19850128,50
19850129,0
19850130,2
19850131,2.4
19850201,1.4
19850202,1.2
19850203,0
19850204,0
19850205,24
19850206,23.9
19850207,2.6
19850208,9
19850209,6
19850210,0
19850211,0
19850212,0
19850213,0
19850214,0
19850215,13.6
19850216,3.7
19850217,1.9
19850218,0
19850219,3
19850220,0
19850221,0
19850222,0
19850223,0
19850224,0
19850225,5.6
19850226,2.3
19850227,0
19850228,0
19850301,0.6
19850302,0
19850303,5.9
19850304,0
19850305,1.8
19850306,0.3
19850307,0
19850308,0
19850309,0
19850310,0
19850311,0
19850312,0.2
19850313,0
19850314,0
19850315,0
19850316,0
19850317,0
19850318,0
19850319,22.7
19850320,1.5
19850321,3.7
19850322,7.2
19850323,0
19850324,0.7
19850325,22.8
19850326,13.5
19850327,10.3
19850328,16.3
19850329,0
19850330,0
19850331,3.1
19850401,0
19850402,0
19850403,7.8
19850404,1.8
19850405,0.9
19850406,1.4
19850407,1.7
19850408,27.2
19850409,15
19850410,2.4
19850411,47.7
19850412,30.5
19850413,14.6
19850414,20
19850415,4.7
19850416,1.4
19850417,5.3
19850418,5.4
19850419,0
19850420,0
19850421,4.4
19850422,8.3
19850423,0
19850424,45.4
19850425,92.1
19850426,14.4
19850427,0
19850428,0
19850429,3.9
19850430,0.7
19850501,1.2
19850502,3.4
19850503,1.6
19850504,2
19850505,0.3
19850506,0
19850507,1.7
19850508,0
19850509,8
19850510,0.7
19850511,4.2
19850512,4.6
19850513,0
19850514,0
19850515,4.3
19850516,0.4
19850517,0
19850518,0.1
19850519,0.3
19850520,0
19850521,0
19850522,0
19850523,0
19850524,0
19850525,0
19850526,0
19850527,0
19850528,0
19850529,1.2
19850530,0
19850531,0
19850601,0
19850602,0
19850603,0
19850604,0
19850605,0
19850606,0
19850607,0
19850608,0
19850609,0
19850610,0
19850611,0
19850612,0
19850613,0
19850614,0
19850615,0
19850616,0
19850617,0
19850618,0
19850619,0
19850620,0
19850621,0
19850622,0
19850623,0
19850624,0
19850625,0
19850626,0
19850627,0
19850628,0
19850629,0
19850630,0
19850701,0
19850702,0
19850703,0
19850704,0
19850705,0
19850706,0
19850707,0
19850708,0
19850709,0
19850710,0
19850711,0
19850712,0
19850713,0
19850714,0
19850715,0
19850716,0
19850717,0
19850718,0
19850719,0
19850720,0
19850721,0
19850722,0
19850723,0.8
19850724,0
19850725,0
19850726,0
19850727,0
19850728,0
19850729,0
19850730,0
19850731,0
19850801,0
19850802,0
19850803,0
19850804,0
19850805,0
19850806,0
19850807,0
19850808,0
19850809,0
19850810,0
19850811,0
19850812,0
19850813,0
19850814,0
19850815,0
19850816,0
19850817,0
19850818,0
19850819,0
19850820,0
19850821,0
19850822,0
19850823,0
19850824,0
19850825,0
19850826,0
19850827,0
19850828,0
19850829,0
19850830,0.6
19850831,0
19850901,0
19850902,0
19850903,37.9
19850904,0
19850905,0.4
19850906,0
19850907,2.2
19850908,1.2
19850909,2
19850910,0
19850911,0
19850912,3.7
19850913,0
19850914,0
19850915,17
19850916,0
19850917,0
19850918,0
19850919,2.5
19850920,0
19850921,0
19850922,0
19850923,0
19850924,0
19850925,0
19850926,0
19850927,2.3
19850928,0
19850929,4.9
19850930,21.9
19851001,6.4
19851002,0.7
19851003,0
19851004,0
19851005,8.6
19851006,0.3
19851007,11.9
19851008,0.3
19851009,0
19851010,12.8
19851011,0
19851012,1.4
19851013,0
19851014,16.4
19851015,0
19851016,0
19851017,2.2
19851018,0
19851019,0
19851020,1.1
19851021,0.2
19851022,12.2
19851023,0
19851024,1
19851025,0
19851026,6.6
19851027,3.8
19851028,0
19851029,21.8
19851030,2.7
19851031,0
19851101,0
19851102,10.8
19851103,3.7
19851104,0
19851105,0
19851106,17.6
19851107,13.7
19851108,3
19851109,1.3
19851110,3.4
19851111,0
19851112,21.1
19851113,0
19851114,1.1
19851115,0
19851116,0
19851117,0
19851118,0
19851119,26.4
19851120,22.8
19851121,12.2
19851122,6.5
19851123,3.3
19851124,2.7
19851125,3.7
19851126,0
19851127,4.4
19851128,1.9
19851129,0
19851130,0
19851201,0
19851202,2.4
19851203,8.1
19851204,4.2
19851205,5.7
19851206,0
19851207,1.1
19851208,7
19851209,0
19851210,1.2
19851211,1.6
19851212,3.9
19851213,0.3
19851214,0.5
19851215,0
19851216,0
19851217,0
19851218,0
19851219,2.3
19851220,0
19851221,0
19851222,0
19851223,2.4
19851224,5
19851225,0
19851226,0
19851227,7.8
19851228,0
19851229,0
19851230,0
19851231,0
19860101,4.6
19860102,0
19860103,15.4
19860104,0.5
19860105,0
19860106,0
19860107,0
19860108,6
19860109,11.5
19860110,0
19860111,0
19860112,0.8
19860113,0
19860114,0
19860115,0
19860116,0
19860117,0
19860118,0
19860119,0
19860120,0
19860121,0
19860122,0
19860123,30.5
19860124,0
19860125,0
19860126,0
19860127,0
19860128,3
19860129,0
19860130,0
19860131,3.6
19860201,0.9
19860202,0
19860203,0
19860204,41
19860205,22.4
19860206,0
19860207,9.6
19860208,0
19860209,0
19860210,0
19860211,2.6
19860212,0
19860213,2.9
19860214,0
19860215,0
19860216,4.9
19860217,0
19860218,0
19860219,0
19860220,0
19860221,9.5
19860222,0
19860223,0
19860224,0
19860225,0
19860226,3.5
19860227,60.5
19860228,1.3
19860301,0
19860302,4
19860303,0
19860304,10
19860305,0
19860306,28
19860307,0
19860308,0
19860309,10.4
19860310,0
19860311,0.7
19860312,0
19860313,13.4
19860314,1.6
19860315,0.5
19860316,0.4
19860317,3.5
19860318,0
19860319,7.4
19860320,0
19860321,0
19860322,0
19860323,1.3
19860324,0
19860325,0
19860326,3
19860327,0
19860328,3.6
19860329,0
19860330,0
19860331,5.8
19860401,1
19860402,2.8
19860403,4.5
19860404,3.4
19860405,0
19860406,29.4
19860407,6.2
19860408,1
19860409,4.5
19860410,0
19860411,36.3
19860412,0
19860413,0
19860414,0
19860415,6.5
19860416,1
19860417,13.5
19860418,0
19860419,5
19860420,24.1
19860421,3.9
19860422,1.6
19860423,0
19860424,0
19860425,5.2
19860426,24.5
19860427,19
19860428,2.7
19860429,16.6
19860430,0.6
19860501,0
19860502,0
19860503,0
19860504,0
19860505,9.7
19860506,0
19860507,0
19860508,5.7
19860509,0
19860510,9
19860511,5.9
19860512,0
19860513,0
19860514,1.3
19860515,6
19860516,0
19860517,13.2
19860518,0
19860519,1.7
19860520,0
19860521,0
19860522,0
19860523,0
19860524,13.8
19860525,1.3
19860526,0
19860527,0
19860528,0
19860529,0
19860530,0
19860531,0
19860601,0
19860602,0
19860603,0
19860604,0
19860605,0
19860606,0
19860607,0
19860608,5
19860609,0
19860610,0
19860611,0
19860612,0
19860613,0
19860614,0
19860615,0
19860616,0
19860617,0
19860618,0
19860619,0
19860620,0
19860621,0
19860622,0
19860623,0
19860624,0
19860625,0
19860626,0
19860627,0
19860628,0
19860629,0
19860630,0
19860701,0
19860702,0
19860703,0
19860704,0
19860705,0
19860706,0
19860707,0
19860708,0
19860709,0
19860710,0
19860711,0
19860712,0
19860713,0
19860714,0
19860715,0
19860716,0
19860717,0
19860718,0
19860719,0
19860720,0
19860721,0
19860722,0
19860723,0
19860724,0
19860725,0
19860726,0
19860727,0
19860728,0
19860729,0
19860730,0
19860731,0
19860801,0
19860802,0
19860803,0
19860804,0
19860805,0
19860806,0
19860807,0
19860808,0
19860809,0
19860810,0
19860811,0
19860812,0
19860813,0
19860814,0
19860815,0
19860816,0
19860817,0
19860818,0
19860819,0
19860820,0
19860821,0
19860822,0
19860823,0
19860824,0
19860825,0
19860826,0
19860827,0
19860828,0
19860829,0
19860830,0
19860831,0
19860901,0
19860902,0
19860903,1.1
19860904,0
19860905,0
19860906,0
19860907,0
19860908,0
19860909,0
19860910,0
19860911,0
19860912,0
19860913,0
19860914,0
19860915,0
19860916,0
19860917,7.1
19860918,0
19860919,0
19860920,0
19860921,0
19860922,0
19860923,7.1
19860924,0
19860925,0
19860926,0
19860927,0
19860928,0
19860929,0
19860930,0
19861001,0
19861002,0
19861003,0
19861004,0
19861005,0
19861006,19.2
19861007,1.4
19861008,0
19861009,3.2
19861010,0
19861011,3.7
19861012,11
19861013,0
19861014,12
19861015,0
19861016,0
19861017,0
19861018,0
19861019,3.3
19861020,0
19861021,0
19861022,7.4
19861023,0
19861024,1.7
19861025,12.7
19861026,0.5
19861027,0
19861028,0
19861029,0
19861030,0
19861031,16
19861101,1.7
19861102,0
19861103,0
19861104,0
19861105,1.6
19861106,21.5
19861107,4.1
19861108,13.4
19861109,0
19861110,0
19861111,5
19861112,8.1
19861113,7.2
19861114,15
19861115,0
19861116,0
19861117,0.3
19861118,0
19861119,14
19861120,0
19861121,3.5
19861122,0
19861123,7.5
19861124,0.5
19861125,0
19861126,0
19861127,3.2
19861128,0.8
19861129,0
19861130,1.6
19861201,0
19861202,0
19861203,0
19861204,18.6
19861205,3.9
19861206,5.7
19861207,56.7
19861208,0.6
19861209,0
19861210,0
19861211,0
19861212,0
19861213,14.3
19861214,8.6
19861215,7.3
19861216,0
19861217,0
19861218,3.7
19861219,7.6
19861220,15.6
19861221,11.4
19861222,0
19861223,0
19861224,8.5
19861225,1.1
19861226,0
19861227,0
19861228,0
19861229,0
19861230,0
19861231,0
19870101,19.4
19870102,0
19870103,10
19870104,0
19870105,5.4
19870106,0
19870107,0
19870108,0
19870109,0
19870110,0
19870111,7
19870112,0
19870113,0
19870114,8.5
19870115,0
19870116,19.1
19870117,0.3
19870118,0
19870119,7.1
19870120,0
19870121,4.6
19870122,1.3
19870123,0
19870124,0
19870125,10
19870126,0
19870127,1.1
19870128,0
19870129,0.8
19870130,40.7
19870131,0.4
19870201,0
19870202,0
19870203,0
19870204,0
19870205,0
19870206,2.7
19870207,0.8
19870208,20.4
19870209,1.2
19870210,19.5
19870211,0
19870212,0
19870213,0
19870214,1
19870215,0
19870216,0
19870217,0
19870218,7
19870219,3
19870220,0
19870221,0
19870222,0
19870223,0
19870224,11.8
19870225,9.1
19870226,0
19870227,1.2
19870228,1.2
19870301,1.4
19870302,0
19870303,1.4
19870304,0
19870305,1.3
19870306,0
19870307,4.3
19870308,0
19870309,14
19870310,0.7
19870311,0.5
19870312,0
19870313,14.4
19870314,0
19870315,5
19870316,0
19870317,0.6
19870318,15.8
19870319,0
19870320,0
19870321,0
19870322,0.6
19870323,0
19870324,2.8
19870325,6.5
19870326,0.1
19870327,0
19870328,0
19870329,0
19870330,0
19870331,0
19870401,1.3
19870402,0
19870403,0.3
19870404,0
19870405,0
19870406,17
19870407,12.5
19870408,4.1
19870409,2.9
19870410,5.5
19870411,0
19870412,1.9
19870413,0
19870414,7.9
19870415,0
19870416,0
19870417,0
19870418,0
19870419,0
19870420,31.1
19870421,7.7
19870422,0
19870423,1.4
19870424,0
19870425,12.5
19870426,0
19870427,0
19870428,10.8
19870429,13.7
19870430,0
19870501,0
19870502,6
19870503,7.3
19870504,4
19870505,7.2
19870506,3.2
19870507,2.6
19870508,0
19870509,3.2
19870510,8.2
19870511,0.7
19870512,23.4
19870513,0
19870514,8.1
19870515,7.2
19870516,0
19870517,4.1
19870518,0
19870519,0.2
19870520,1.5
19870521,5.5
19870522,3.2
19870523,50.4
19870524,0
19870525,0
19870526,0
19870527,0
19870528,26.6
19870529,0
19870530,0
19870531,12.9
19870601,0
19870602,3.3
19870603,0
19870604,0
19870605,5
19870606,0
19870607,0
19870608,0
19870609,0
19870610,0
19870611,0
19870612,0
19870613,0
19870614,0
19870615,0
19870616,0
19870617,0
19870618,0
19870619,0
19870620,0
19870621,0
19870622,0
19870623,0
19870624,0
19870625,0
19870626,0
19870627,0
19870628,0
19870629,0
19870630,0
19870701,0
19870702,0
19870703,0
19870704,0
19870705,0
19870706,0
19870707,0
19870708,0
19870709,0
19870710,0
19870711,0
19870712,0
19870713,0
19870714,0
19870715,0
19870716,0
19870717,0
19870718,0
19870719,0
19870720,0
19870721,0
19870722,0
19870723,0
19870724,0
19870725,0
19870726,0
19870727,0
19870728,0
19870729,0
19870730,0
19870731,0
19870801,0
19870802,0
19870803,0
19870804,0
19870805,0
19870806,0
19870807,0
19870808,0
19870809,0
19870810,0
19870811,0
19870812,0
19870813,0
19870814,3.6
19870815,0
19870816,0.6
19870817,4.5
19870818,0
19870819,0
19870820,0
19870821,0
19870822,0
19870823,0
19870824,0
19870825,0
19870826,0
19870827,0
19870828,0
19870829,0
19870830,0
19870831,0
19870901,0
19870902,0
19870903,0
19870904,0
19870905,2.6
19870906,8.3
19870907,4.1
19870908,0
19870909,0
19870910,0
19870911,0
19870912,0
19870913,0
19870914,2.3
19870915,12.6
19870916,0
19870917,0
19870918,0
19870919,0
19870920,0
19870921,0
19870922,9
19870923,5
19870924,1
19870925,0
19870926,0
19870927,4.1
19870928,1.5
19870929,67.3
19870930,13.4
19871001,0
19871002,0
19871003,2
19871004,0
19871005,0.6
19871006,0
19871007,0
19871008,0
19871009,0
19871010,0
19871011,0
19871012,0
19871013,4
19871014,0
19871015,2.7
19871016,0.2
19871017,0
19871018,0
19871019,0
19871020,5.3
19871021,0
19871022,0
19871023,13
19871024,1.1
19871025,13.9
19871026,0
19871027,12.8
19871028,0
19871029,0
19871030,3.1
19871031,6
19871101,1.3
19871102,1.5
19871103,0
19871104,0
19871105,0.6
19871106,26.1
19871107,0
19871108,8
19871109,0
19871110,72.2
19871111,2.5
19871112,65.5
19871113,0
19871114,3
19871115,8.5
19871116,0.6
19871117,2.5
19871118,9.2
19871119,4.8
19871120,2.5
19871121,0
19871122,0
19871123,0.3
19871124,0
19871125,0.6
19871126,24.2
19871127,0
19871128,6.7
19871129,0
19871130,0
19871201,0
19871202,0
19871203,0
19871204,0.9
19871205,0
19871206,0
19871207,1.1
19871208,0
19871209,4
19871210,0
19871211,0
19871212,3.5
19871213,3.4
19871214,0
19871215,0
19871216,0
19871217,0
19871218,8.3
19871219,4.4
19871220,0
19871221,1.9
19871222,0
19871223,0
19871224,0
19871225,0
19871226,0.4
19871227,0
19871228,0
19871229,0
19871230,0
19871231,0
19880101,35.5
19880102,2.8
19880103,1.6
19880104,0
19880105,0
19880106,7.9
19880107,0
19880108,5.7
19880109,0
19880110,3
19880111,0
19880112,20
19880113,0
19880114,0
19880115,3.8
19880116,0
19880117,0.8
19880118,0
19880119,0
19880120,0
19880121,7
19880122,0
19880123,0
19880124,0
19880125,0
19880126,0
19880127,0
19880128,0
19880129,0
19880130,0
19880131,0
19880201,0
19880202,0
19880203,0
19880204,23.2
19880205,7.1
19880206,0
19880207,13.7
19880208,20.8
19880209,0
19880210,13.4
19880211,0
19880212,8.6
19880213,0
19880214,0
19880215,0
19880216,0
19880217,0
19880218,3.6
19880219,0
19880220,1.5
19880221,0
19880222,0.8
19880223,17.2
19880224,8.5
19880225,8.3
19880226,28.7
19880227,0
19880228,0
19880229,0
19880301,0
19880302,0
19880303,3.1
19880304,0
19880305,30.5
19880306,0
19880307,6.4
19880308,0.3
19880309,0
19880310,5
19880311,1.5
19880312,0
19880313,0
19880314,0
19880315,18
19880316,2
19880317,0.8
19880318,0
19880319,11.9
19880320,3.8
19880321,0.2
19880322,0
19880323,43.8
19880324,0
19880325,16.5
19880326,4.5
19880327,0
19880328,18.3
19880329,0
19880330,0
19880331,3
19880401,0
19880402,0
19880403,1.1
19880404,15.9
19880405,0
19880406,13.1
19880407,0
19880408,0
19880409,24
19880410,3.6
19880411,2.9
19880412,8.6
19880413,16.5
19880414,0
19880415,4.3
19880416,0
19880417,5.2
19880418,0
19880419,81.8
19880420,0.6
19880421,0
19880422,14.4
19880423,1.9
19880424,0
19880425,0
19880426,13.8
19880427,2.7
19880428,0
19880429,25.2
19880430,13
19880501,2
19880502,0
19880503,0
19880504,15.4
19880505,0.5
19880506,0.3
19880507,8.2
19880508,0
19880509,0
19880510,5
19880511,11.5
19880512,0
19880513,0
19880514,0
19880515,0
19880516,0
19880517,0
19880518,1.6
19880519,0
19880520,0
19880521,27.1
19880522,0
19880523,0
19880524,0
19880525,0
19880526,0
19880527,0
19880528,0
19880529,0
19880530,0
19880531,0
19880601,0
19880602,0
19880603,0
19880604,0
19880605,0
19880606,0
19880607,0
19880608,0
19880609,0
19880610,0
19880611,0
19880612,0
19880613,0
19880614,0
19880615,0
19880616,0
19880617,0
19880618,0
19880619,0
19880620,0
19880621,0
19880622,0
19880623,0
19880624,0
19880625,0
19880626,0
19880627,0
19880628,0
19880629,0
19880630,0
19880701,0
19880702,0
19880703,0
19880704,0
19880705,0
19880706,0
19880707,0
19880708,0
19880709,0
19880710,3.1
19880711,0.3
19880712,0
19880713,0
19880714,0
19880715,0
19880716,0
19880717,0
19880718,0
19880719,0
19880720,0
19880721,0
19880722,2.7
19880723,0
19880724,3.9
19880725,0
19880726,0
19880727,0
19880728,0
19880729,0
19880730,0
19880731,0
19880801,0
19880802,0
19880803,0
19880804,0
19880805,0
19880806,4.7
19880807,0
19880808,0
19880809,5.9
19880810,5.3
19880811,0
19880812,0
19880813,0
19880814,0
19880815,0
19880816,0
19880817,0
19880818,0
19880819,0
19880820,0.4
19880821,7.8
19880822,27.5
19880823,0
19880824,15.8
19880825,11.7
19880826,2.5
19880827,0
19880828,1.2
19880829,9.7
19880830,3.7
19880831,3.7
19880901,0
19880902,0
19880903,0.5
19880904,3.7
19880905,0
19880906,0
19880907,0
19880908,7.2
19880909,0
19880910,0
19880911,9.9
19880912,2.9
19880913,4.2
19880914,0
19880915,0
19880916,0
19880917,0
19880918,9.4
19880919,0
19880920,0
19880921,0
19880922,0
19880923,0
19880924,0
19880925,33.3
19880926,2.3
19880927,0
19880928,8.4
19880929,0
19880930,8.3
19881001,2.5
19881002,0
19881003,1
19881004,5.3
19881005,9.2
19881006,9.5
19881007,4.4
19881008,1.2
19881009,0
19881010,0
19881011,0
19881012,0
19881013,0
19881014,6.7
19881015,0
19881016,0
19881017,9.3
19881018,0
19881019,0
19881020,0
19881021,0
19881022,0
19881023,0
19881024,0.1
19881025,1.7
19881026,5.5
19881027,0
19881028,4.4
19881029,0.9
19881030,0
19881031,6.1
19881101,3.5
19881102,3.4
19881103,1.9
19881104,9.9
19881105,7.6
19881106,0
19881107,40.9
19881108,0.4
19881109,7.2
19881110,0
19881111,0
19881112,1.1
19881113,16.5
19881114,3
19881115,0.4
19881116,0
19881117,0
19881118,0
19881119,0
19881120,5.9
19881121,2.1
19881122,0.4
19881123,9.7
19881124,0
19881125,0.4
19881126,7.9
19881127,0
19881128,0
19881129,0
19881130,0
19881201,0
19881202,1.8
19881203,5.1
19881204,0
19881205,0
19881206,0
19881207,0.3
19881208,0
19881209,0
19881210,0
19881211,15.2
19881212,1.5
19881213,0
19881214,0
19881215,0
19881216,0
19881217,0
19881218,0
19881219,9.1
19881220,0
19881221,3.8
19881222,3.9
19881223,1.4
19881224,0
19881225,3.8
19881226,1.7
19881227,1.2
19881228,0
19881229,0
19881230,12.9
19881231,5.4
19890101,1.9
19890102,8.8
19890103,0.8
19890104,6.3
19890105,1.7
19890106,0
19890107,4
19890108,2
19890109,0
19890110,1.4
19890111,0
19890112,0
19890113,10.7
19890114,9.4
19890115,0
19890116,6.3
19890117,4.2
19890118,11.3
19890119,0
19890120,0
19890121,0
19890122,0
19890123,0
19890124,0
19890125,0
19890126,0
19890127,3.1
19890128,0
19890129,10
19890130,18
19890131,0
19890201,2.4
19890202,26.6
19890203,3.7
19890204,0
19890205,1.5
19890206,0
19890207,0
19890208,0
19890209,1
19890210,0
19890211,2
19890212,0
19890213,0
19890214,0
19890215,1.6
19890216,0
19890217,7.5
19890218,0
19890219,0
19890220,0
19890221,3.2
19890222,4
19890223,0.2
19890224,3.4
19890225,0
19890226,0
19890227,0
19890228,0
19890301,0
19890302,3.3
19890303,0
19890304,4.5
19890305,0
19890306,4.5
19890307,0
19890308,2.8
19890309,0
19890310,0.6
19890311,4.1
19890312,9.4
19890313,11.2
19890314,1.1
19890315,0
19890316,0.1
19890317,0.4
19890318,6.3
19890319,5.2
19890320,15.7
19890321,14.2
19890322,2.4
19890323,13.5
19890324,1.2
19890325,12.3
19890326,6.2
19890327,2.1
19890328,0
19890329,7.7
19890330,0
19890331,0
19890401,0
19890402,10.9
19890403,0
19890404,0.1
19890405,0
19890406,15.1
19890407,34.4
19890408,0
19890409,0
19890410,5.4
19890411,2.1
19890412,11.2
19890413,0
19890414,0.1
19890415,6.8
19890416,0
19890417,0
19890418,0
19890419,0
19890420,0
19890421,0
19890422,0
19890423,11
19890424,0
19890425,0
19890426,17.2
19890427,0
19890428,15.8
19890429,1.4
19890430,3.2
19890501,0.8
19890502,4.9
19890503,0
19890504,16.6
19890505,0
19890506,0
19890507,0
19890508,0
19890509,14.1
19890510,0
19890511,1.5
19890512,30.1
19890513,0
19890514,4.2
19890515,18.6
19890516,4.3
19890517,0
19890518,0
19890519,11.2
19890520,0
19890521,0
19890522,0
19890523,0
19890524,0
19890525,0
19890526,0
19890527,0
19890528,0.2
19890529,0
19890530,0
19890531,0
19890601,0
19890602,0
19890603,0
19890604,0
19890605,0
19890606,28.9
19890607,0
19890608,0
19890609,0
19890610,0
19890611,0
19890612,0
19890613,0
19890614,0
19890615,0
19890616,0
19890617,0
19890618,0
19890619,0
19890620,0
19890621,0
19890622,0
19890623,0
19890624,0
19890625,0
19890626,0
19890627,0
19890628,0
19890629,0
19890630,0
19890701,0
19890702,0
19890703,0
19890704,0
19890705,0
19890706,0
19890707,0
19890708,0
19890709,0
19890710,0
19890711,0
19890712,0
19890713,0
19890714,0
19890715,0
19890716,0
19890717,0
19890718,0
19890719,0
19890720,0
19890721,0
19890722,0
19890723,0
19890724,0
19890725,0
19890726,0
19890727,0
19890728,0
19890729,0
19890730,0
19890731,0
19890801,0
19890802,0
19890803,0
19890804,0
19890805,0
19890806,0
19890807,0
19890808,0
19890809,0
19890810,0
19890811,0
19890812,0
19890813,4.2
19890814,0
19890815,0
19890816,0
19890817,0
19890818,0
19890819,0
19890820,0
19890821,0
19890822,0
19890823,0
19890824,0
19890825,0
19890826,0
19890827,6.6
19890828,16.3
19890829,0
19890830,0
19890831,5.6
19890901,0
19890902,0.9
19890903,0
19890904,0.7
19890905,0
19890906,0
19890907,0
19890908,7.5
19890909,0
19890910,0
19890911,0
19890912,0
19890913,0
19890914,0
19890915,0
19890916,0
19890917,0
19890918,0
19890919,0
19890920,0
19890921,0
19890922,0
19890923,0
19890924,0
19890925,33.7
19890926,0
19890927,0
19890928,0
19890929,0
19890930,7.8
19891001,0
19891002,0
19891003,0
19891004,0
19891005,0
19891006,0.7
19891007,0.5
19891008,0
19891009,0
19891010,0
19891011,3.6
19891012,2.9
19891013,0
19891014,0
19891015,8.2
19891016,9.3
19891017,0
19891018,23.9
19891019,0
19891020,1.3
19891021,2.9
19891022,0
19891023,0
19891024,0
19891025,0.5
19891026,0
19891027,0
19891028,0
19891029,0.9
19891030,4.5
19891031,14.5
19891101,9.7
19891102,4.3
19891103,8.3
19891104,0
19891105,0
19891106,0
19891107,0
19891108,0
19891109,4
19891110,1.3
19891111,0
19891112,2
19891113,0
19891114,0
19891115,10.9
19891116,0
19891117,0
19891118,0
19891119,0
19891120,6.7
19891121,0.5
19891122,28.8
19891123,3.1
19891124,0
19891125,0
19891126,5.7
19891127,12.2
19891128,51.3
19891129,0
19891130,8.5
19891201,5.5
19891202,19.3
19891203,1.7
19891204,0
19891205,0.6
19891206,14.8
19891207,2.8
19891208,0.8
19891209,2.4
19891210,0.9
19891211,0
19891212,0
19891213,4.6
19891214,0.8
19891215,12.7
19891216,0
19891217,47.9
19891218,0
19891219,0
19891220,0
19891221,0
19891222,2.4
19891223,0
19891224,5.9
19891225,4.2
19891226,0
19891227,0
19891228,0
19891229,0.8
19891230,0
19891231,2.7
19900101,1.9
19900102,0
19900103,0
19900104,3
19900105,0
19900106,0
19900107,16
19900108,0
19900109,0
19900110,0
19900111,0
19900112,0
19900113,0
19900114,0
19900115,0
19900116,0
19900117,0
19900118,0
19900119,0
19900120,39.5
19900121,3.2
19900122,0
19900123,0
19900124,0
19900125,0
19900126,0
19900127,0
19900128,0
19900129,0
19900130,0
19900131,0
19900201,0
19900202,3.7
19900203,24.2
19900204,6.7
19900205,6
19900206,0.5
19900207,0
19900208,1.4
19900209,0
19900210,0
19900211,0
19900212,0
19900213,9.8
19900214,2.8
19900215,0
19900216,0
19900217,3.3
19900218,3
19900219,0
19900220,37.2
19900221,0.4
19900222,0.7
19900223,0
19900224,0
19900225,5.3
19900226,0
19900227,5.2
19900228,0
19900301,0
19900302,0
19900303,1.1
19900304,17.8
19900305,0.8
19900306,6.4
19900307,0.3
19900308,0.2
19900309,0
19900310,2.7
19900311,0
19900312,0.8
19900313,0
19900314,0
19900315,0
19900316,4.3
19900317,10.3
19900318,0.3
19900319,0.9
19900320,0
19900321,0
19900322,9.3
19900323,0
19900324,4.3
19900325,0
19900326,0.6
19900327,4.3
19900328,0
19900329,0
19900330,0
19900331,17.1
19900401,0
19900402,32.6
19900403,51.7
19900404,0.3
19900405,1.7
19900406,2.3
19900407,1.2
19900408,1.6
19900409,3.5
19900410,11.1
19900411,14.1
19900412,0
19900413,1.3
19900414,0.4
19900415,0
19900416,36.3
19900417,0
19900418,0.5
19900419,4.9
19900420,2.1
19900421,0
19900422,1.3
19900423,0
19900424,20.9
19900425,2.8
19900426,2.1
19900427,0.5
19900428,0
19900429,0
19900430,0
19900501,0
19900502,3.3
19900503,0
19900504,0.2
19900505,1
19900506,0.3
19900507,1.2
19900508,0
19900509,0
19900510,0
19900511,1.8
19900512,10.9
19900513,31.8
19900514,0.4
19900515,0
19900516,0.9
19900517,0
19900518,0
19900519,0
19900520,0
19900521,0
19900522,0
19900523,0
19900524,0
19900525,0
19900526,0
19900527,0
19900528,0
19900529,0
19900530,0
19900531,0
19900601,0
19900602,0
19900603,0
19900604,0
19900605,0
19900606,0
19900607,0
19900608,0
19900609,0
19900610,0
19900611,0
19900612,0
19900613,0
19900614,0
19900615,0
19900616,0
19900617,0
19900618,0
19900619,0
19900620,0
19900621,0
19900622,0
19900623,0
19900624,0
19900625,0
19900626,0
19900627,0
19900628,0
19900629,0
19900630,0
19900701,0
19900702,0
19900703,0
19900704,0
19900705,0
19900706,0
19900707,0
19900708,0
19900709,0
19900710,0
19900711,0
19900712,0
19900713,0
19900714,0
19900715,0
19900716,0
19900717,0
19900718,0
19900719,0
19900720,0
19900721,0
19900722,0
19900723,0
19900724,0
19900725,0
19900726,0
19900727,0
19900728,0
19900729,0
19900730,0
19900731,0
19900801,0
19900802,0
19900803,0
19900804,0
19900805,0
19900806,0
19900807,0
19900808,0
19900809,0
19900810,0
19900811,0
19900812,0
19900813,0
19900814,0
19900815,0
19900816,0
19900817,0
19900818,0
19900819,0
19900820,1.1
19900821,8.5
19900822,0
19900823,0
19900824,0
19900825,0
19900826,0
19900827,0
19900828,0
19900829,0
19900830,8.9
19900831,0.3
19900901,0
19900902,0
19900903,0
19900904,0
19900905,0
19900906,0
19900907,0
19900908,0
19900909,53.8
19900910,5.1
19900911,0
19900912,0
19900913,0
19900914,4.9
19900915,0
19900916,0
19900917,0
19900918,0
19900919,0
19900920,0
19900921,0
19900922,0
19900923,0
19900924,0
19900925,0
19900926,0
19900927,0
19900928,0
19900929,0
19900930,20.7
19901001,0
19901002,0
19901003,4.1
19901004,2.4
19901005,1.1
19901006,0
19901007,0
19901008,0
19901009,0
19901010,0
19901011,0
19901012,0
19901013,0.8
19901014,0
19901015,0
19901016,0.3
19901017,6.1
19901018,1.7
19901019,9.7
19901020,2.8
19901021,2.9
19901022,1.4
19901023,0
19901024,0
19901025,0
19901026,0.3
19901027,0
19901028,4
19901029,0
19901030,0
19901031,18.8
19901101,0
19901102,1
19901103,0
19901104,0
19901105,3.2
19901106,0
19901107,0
19901108,10
19901109,13.1
19901110,0
19901111,0.9
19901112,0
19901113,5.9
19901114,2.8
19901115,25.8
19901116,0.4
19901117,0
19901118,2.7
19901119,0
19901120,10.9
19901121,8.3
19901122,4.5
19901123,0.5
19901124,0
19901125,0
19901126,0
19901127,0
19901128,12.1
19901129,4.9
19901130,5.4
19901201,0
19901202,0.5
19901203,0
19901204,0
19901205,6.1
19901206,0
19901207,0
19901208,14.5
19901209,2.1
19901210,1.4
19901211,5.7
19901212,7.7
19901213,1.3
19901214,3.5
19901215,0
19901216,1.3
19901217,14.1
19901218,0
19901219,9.8
19901220,0
19901221,0
19901222,4.6
19901223,0
19901224,0
19901225,0
19901226,0
19901227,0
19901228,0
19901229,0
19901230,3.2
19901231,0
19910101,0
19910102,21.7
19910103,0.8
19910104,0
19910105,0
19910106,0
19910107,5
19910108,0.5
19910109,2.6
19910110,0
19910111,0
19910112,19.5
19910113,11
19910114,1.8
19910115,0
19910116,0
19910117,3.5
19910118,3.7
19910119,0
19910120,0
19910121,0
19910122,0
19910123,0
19910124,8.2
19910125,3.4
19910126,0.3
19910127,0
19910128,6.5
19910129,1.2
19910130,16
19910131,0.4
19910201,1.5
19910202,10.6
19910203,0
19910204,0
19910205,10
19910206,0
19910207,0
19910208,0
19910209,0
19910210,0
19910211,0
19910212,0
19910213,28.4
19910214,0
19910215,0.6
19910216,0
19910217,11.2
19910218,11
19910219,0
19910220,0
19910221,0
19910222,43.1
19910223,0
19910224,0
19910225,5
19910226,1.5
19910227,9.6
19910228,0
19910301,4
19910302,0
19910303,0
19910304,0
19910305,0
19910306,0
19910307,0
19910308,4.6
19910309,0
19910310,0
19910311,0.9
19910312,0
19910313,5.9
19910314,0
19910315,4.8
19910316,1.7
19910317,0
19910318,0
19910319,0
19910320,0
19910321,0
19910322,0
19910323,0
19910324,0
19910325,11.6
19910326,7.2
19910327,0
19910328,33
19910329,0
19910330,0
19910331,0
19910401,0
19910402,32
19910403,2.2
19910404,9.2
19910405,6.6
19910406,0
19910407,0
19910408,0
19910409,0.5
19910410,0
19910411,2.9
19910412,0
19910413,0
19910414,4.9
19910415,9.9
19910416,0.3
19910417,6.4
19910418,0.5
19910419,1.1
19910420,1.3
19910421,0
19910422,8.6
19910423,16
19910424,0
19910425,6.7
19910426,2.7
19910427,0.2
19910428,0
19910429,17.8
19910430,20.2
19910501,4.3
19910502,17.7
19910503,1.1
19910504,0
19910505,0
19910506,0
19910507,0
19910508,2.7
19910509,0
19910510,0
19910511,0
19910512,0
19910513,2.2
19910514,24.7
19910515,0
19910516,11.8
19910517,0
19910518,0
19910519,4.6
19910520,4
19910521,5.9
19910522,1.9
19910523,27
19910524,0.5
19910525,0
19910526,8.7
19910527,0.6
19910528,3.8
19910529,0
19910530,0.9
19910531,0
19910601,0
19910602,0
19910603,0
19910604,0
19910605,0
19910606,0
19910607,0
19910608,34.8
19910609,0
19910610,0
19910611,0
19910612,0
19910613,0
19910614,4.3
19910615,0
19910616,0
19910617,9.5
19910618,2.7
19910619,0
19910620,0
19910621,0
19910622,0
19910623,0
19910624,0
19910625,0
19910626,0
19910627,0
19910628,0
19910629,0
19910630,0
19910701,0
19910702,0
19910703,0.5
19910704,0
19910705,0
19910706,0
19910707,5.7
19910708,0
19910709,0
19910710,0
19910711,0
19910712,0
19910713,0
19910714,0
19910715,0
19910716,0
19910717,0
19910718,0
19910719,0
19910720,0
19910721,0
19910722,0
19910723,0
19910724,0
19910725,0.2
19910726,1.6
19910727,0
19910728,0
19910729,0
19910730,0
19910731,0
19910801,0
19910802,0
19910803,0
19910804,19.2
19910805,0
19910806,0
19910807,0
19910808,0
19910809,0
19910810,0
19910811,0
19910812,0
19910813,0
19910814,0
19910815,0
19910816,0
19910817,0
19910818,0.6
19910819,0
19910820,0
19910821,0
19910822,0
19910823,0
19910824,0
19910825,0
19910826,0
19910827,0
19910828,0
19910829,0
19910830,0
19910831,0
19910901,0
19910902,0.2
19910903,0
19910904,0
19910905,0
19910906,1
19910907,0
19910908,0
19910909,20.5
19910910,0
19910911,0
19910912,0
19910913,0
19910914,0
19910915,0
19910916,0
19910917,2.5
19910918,1.8
19910919,0
19910920,0
19910921,0
19910922,0
19910923,0
19910924,0
19910925,0
19910926,0.6
19910927,0
19910928,3.7
19910929,0
19910930,0
19911001,0
19911002,7.7
19911003,0
19911004,1.2
19911005,0
19911006,0
19911007,0
19911008,0
19911009,0
19911010,29.1
19911011,9.2
19911012,28.2
19911013,9.5
19911014,4.7
19911015,0.9
19911016,6.1
19911017,0.8
19911018,3.5
19911019,34
19911020,0
19911021,0
19911022,9.4
19911023,0.4
19911024,2.9
19911025,3.7
19911026,0
19911027,5.2
19911028,1.5
19911029,0
19911030,7.6
19911031,0
19911101,0
19911102,0.4
19911103,0.3
19911104,0
19911105,0
19911106,0.7
19911107,0
19911108,2.6
19911109,0
19911110,8.2
19911111,0
19911112,0
19911113,0
19911114,2.4
19911115,2.4
19911116,0.2
19911117,0.4
19911118,12.1
19911119,28.2
19911120,1
19911121,0
19911122,1.9
19911123,10.5
19911124,1.5
19911125,2.3
19911126,1.2
19911127,6.3
19911128,1.7
19911129,21.5
19911130,0
19911201,10.3
19911202,0
19911203,3.3
19911204,0
19911205,9.7
19911206,0
19911207,3.6
19911208,2.5
19911209,1.8
19911210,0
19911211,0
19911212,0
19911213,0.4
19911214,0
19911215,14.8
19911216,0
19911217,0
19911218,0
19911219,0
19911220,0
19911221,30.9
19911222,4.5
19911223,0
19911224,0
19911225,0
19911226,0
19911227,0
19911228,0
19911229,0
19911230,0
19911231,0
19920101,0
19920102,0
19920103,0
19920104,0
19920105,0
19920106,0
19920107,3.4
19920108,0
19920109,0
19920110,0
19920111,0
19920112,0
19920113,0
19920114,0
19920115,0
19920116,0
19920117,0.4
19920118,0
19920119,0
19920120,0
19920121,0
19920122,5.7
19920123,0
19920124,0
19920125,0
19920126,5.2
19920127,0.2
19920128,3.3
19920129,0
19920130,0
19920131,0
19920201,2.1
19920202,0
19920203,0
19920204,1
19920205,0
19920206,7.1
19920207,0
19920208,0
19920209,0
19920210,0
19920211,0
19920212,0
19920213,0
19920214,0
19920215,0
19920216,0
19920217,1.8
19920218,0
19920219,19.1
19920220,0
19920221,0
19920222,0
19920223,1.6
19920224,0
19920225,0
19920226,0
19920227,0
19920228,0
19920229,0
19920301,0
19920302,0
19920303,0
19920304,0
19920305,0
19920306,0
19920307,0.6
19920308,6.2
19920309,0
19920310,0
19920311,0
19920312,0
19920313,0
19920314,0
19920315,0
19920316,0
19920317,19.3
19920318,0.6
19920319,0
19920320,0
19920321,0
19920322,55.6
19920323,0
19920324,0
19920325,15
19920326,0
19920327,0
19920328,0
19920329,0
19920330,8.1
19920331,11.1
19920401,0
19920402,2.3
19920403,1.3
19920404,3.4
19920405,15.8
19920406,0
19920407,7.4
19920408,0
19920409,0
19920410,0
19920411,0
19920412,3.1
19920413,1.6
19920414,0
19920415,0
19920416,0
19920417,0
19920418,0
19920419,3.7
19920420,0.8
19920421,5.9
19920422,44
19920423,8.1
19920424,0
19920425,0.5
19920426,0
19920427,7.8
19920428,16.9
19920429,0
19920430,8.6
19920501,0
19920502,0
19920503,18.4
19920504,0.3
19920505,0
19920506,0.4
19920507,0
19920508,0
19920509,0
19920510,5.6
19920511,3.4
19920512,0
19920513,0
19920514,0
19920515,3.9
19920516,4
19920517,0
19920518,0
19920519,0
19920520,0
19920521,0
19920522,0
19920523,0
19920524,3
19920525,1.3
19920526,0.3
19920527,0
19920528,0
19920529,0
19920530,3
19920531,0.6
19920601,0
19920602,0
19920603,0
19920604,0
19920605,0
19920606,0
19920607,0
19920608,0
19920609,0
19920610,0
19920611,0
19920612,0
19920613,0
19920614,0
19920615,3.5
19920616,4.5
19920617,0
19920618,0
19920619,0
19920620,0
19920621,0
19920622,0.3
19920623,0
19920624,0
19920625,0
19920626,3.4
19920627,0
19920628,0
19920629,0
19920630,0
19920701,0
19920702,4
19920703,0
19920704,0
19920705,0
19920706,0
19920707,0
19920708,0
19920709,0
19920710,0
19920711,0
19920712,0
19920713,0
19920714,0
19920715,0
19920716,0
19920717,0
19920718,0
19920719,0
19920720,0
19920721,0
19920722,0
19920723,0
19920724,0
19920725,0
19920726,0
19920727,0
19920728,0
19920729,0
19920730,0
19920731,0
19920801,0
19920802,0
19920803,0
19920804,0
19920805,0
19920806,0
19920807,0
19920808,0
19920809,0
19920810,0
19920811,0
19920812,0
19920813,0
19920814,0
19920815,0
19920816,0
19920817,0
19920818,0
19920819,0
19920820,0
19920821,0
19920822,0
19920823,0
19920824,0
19920825,0
19920826,0
19920827,0.3
19920828,0
19920829,0
19920830,0
19920831,0
19920901,0
19920902,0
19920903,7.6
19920904,0
19920905,0
19920906,0
19920907,11
19920908,0
19920909,23.5
19920910,1.9
19920911,0.9
19920912,0
19920913,8
19920914,3.6
19920915,0.2
19920916,0
19920917,0
19920918,0
19920919,0
19920920,0
19920921,0
19920922,26.5
19920923,0
19920924,0
19920925,0
19920926,0
19920927,0
19920928,0
19920929,0
19920930,0
19921001,0
19921002,4.8
19921003,0
19921004,0
19921005,0
19921006,0
19921007,0
19921008,0.6
19921009,0
19921010,6.3
19921011,0
19921012,9.4
19921013,0
19921014,0.5
19921015,1.3
19921016,0
19921017,0
19921018,2.4
19921019,0
19921020,0.3
19921021,11.6
19921022,0
19921023,47.8
19921024,39.1
19921025,13.2
19921026,7.7
19921027,0
19921028,0
19921029,12.5
19921030,0
19921031,0
19921101,0.3
19921102,2.9
19921103,0
19921104,0
19921105,15.5
19921106,5.7
19921107,1.5
19921108,6.4
19921109,4.1
19921110,1.4
19921111,0
19921112,0.3
19921113,0
19921114,6.4
19921115,6.3
19921116,0
19921117,18
19921118,0
19921119,1.1
19921120,0
19921121,5.6
19921122,0
19921123,0
19921124,0
19921125,0
19921126,0
19921127,0
19921128,0.9
19921129,0
19921130,3.6
19921201,0
19921202,3.5
19921203,2.7
19921204,0.6
19921205,43.3
19921206,0
19921207,0
19921208,0
19921209,4.2
19921210,9.3
19921211,14.3
19921212,0.6
19921213,0
19921214,0
19921215,21.5
19921216,6.6
19921217,2.3
19921218,0.6
19921219,20.6
19921220,0
19921221,0
19921222,3.8
19921223,0
19921224,0
19921225,0
19921226,0
19921227,0
19921228,0
19921229,0.6
19921230,0.4
19921231,0
19930101,0
19930102,0
19930103,0
19930104,19.2
19930105,0.8
19930106,0
19930107,13.9
19930108,1.4
19930109,4
19930110,2.4
19930111,0
19930112,0.8
19930113,45.7
19930114,7.1
19930115,1.7
19930116,31.2
19930117,0
19930118,0.9
19930119,36.5
19930120,2.6
19930121,44.7
19930122,0
19930123,0
19930124,1.7
19930125,0
19930126,1.5
19930127,0
19930128,10.5
19930129,0
19930130,0
19930131,0
19930201,8
19930202,1.2
19930203,0
19930204,2.1
19930205,9
19930206,26.4
19930207,0
19930208,61.4
19930209,0.1
19930210,0
19930211,0
19930212,0
19930213,0
19930214,0
19930215,0
19930216,9.5
19930217,0
19930218,0
19930219,0
19930220,0
19930221,0
19930222,0.6
19930223,0.4
19930224,0
19930225,0
19930226,31.2
19930227,0.3
19930228,0
19930301,0
19930302,0
19930303,0
19930304,0
19930305,0
19930306,16.8
19930307,0
19930308,25
19930309,0
19930310,8.5
19930311,0
19930312,0
19930313,0
19930314,0
19930315,0
19930316,0
19930317,0
19930318,0
19930319,0
19930320,1.4
19930321,0
19930322,0
19930323,0
19930324,0
19930325,2.2
19930326,0
19930327,5.9
19930328,0
19930329,2
19930330,2.6
19930331,25.8
19930401,0
19930402,0.8
19930403,0
19930404,0
19930405,0
19930406,0
19930407,0
19930408,0
19930409,9.2
19930410,0
19930411,1.6
19930412,0.2
19930413,0
19930414,10.2
19930415,0
19930416,0
19930417,0
19930418,15.3
19930419,0.3
19930420,0
19930421,0
19930422,3.2
19930423,18.7
19930424,0
19930425,0
19930426,20.3
19930427,0
19930428,0
19930429,0
19930430,0
19930501,0
19930502,0
19930503,13.4
19930504,0
19930505,0.5
19930506,0
19930507,21.7
19930508,0
19930509,0
19930510,0
19930511,0
19930512,15.2
19930513,0
19930514,4.5
19930515,1.5
19930516,0.4
19930517,0
19930518,7.9
19930519,0
19930520,0.4
19930521,0
19930522,0
19930523,0
19930524,0
19930525,0
19930526,0.5
19930527,0
19930528,0
19930529,0
19930530,0
19930531,0
19930601,0
19930602,0
19930603,0
19930604,0
19930605,0
19930606,0
19930607,0
19930608,0
19930609,1.6
19930610,0
19930611,0
19930612,0
19930613,12.5
19930614,0
19930615,0
19930616,0
19930617,0
19930618,0
19930619,0
19930620,0
19930621,0
19930622,0
19930623,0
19930624,0
19930625,0
19930626,0
19930627,0
19930628,0
19930629,0
19930630,0
19930701,0
19930702,0
19930703,0
19930704,0
19930705,0
19930706,0
19930707,0
19930708,0
19930709,0
19930710,0
19930711,0
19930712,0
19930713,0
19930714,0
19930715,0
19930716,0
19930717,0
19930718,0
19930719,0
19930720,0
19930721,0
19930722,0
19930723,0
19930724,0
19930725,0
19930726,0
19930727,0
19930728,0
19930729,0
19930730,0
19930731,0
19930801,0
19930802,0
19930803,0
19930804,0
19930805,0
19930806,0
19930807,26.1
19930808,0
19930809,0.9
19930810,2
19930811,0
19930812,0
19930813,0
19930814,0
19930815,0
19930816,0
19930817,0
19930818,0
19930819,0
19930820,0
19930821,0
19930822,59.2
19930823,0
19930824,13.9
19930825,0
19930826,0
19930827,0
19930828,0
19930829,0
19930830,0
19930831,0
19930901,0
19930902,0
19930903,0
19930904,0
19930905,0
19930906,0
19930907,0
19930908,0
19930909,0
19930910,0
19930911,0
19930912,0
19930913,0
19930914,0
19930915,0
19930916,0
19930917,0
19930918,0
19930919,0
19930920,0
19930921,7.7
19930922,0
19930923,0
19930924,2.1
19930925,0
19930926,0
19930927,0
19930928,0
19930929,0
19930930,0
19931001,0
19931002,0
19931003,3.4
19931004,0
19931005,0.5
19931006,0
19931007,0
19931008,0
19931009,3.3
19931010,0
19931011,0
19931012,0
19931013,0
19931014,8
19931015,0
19931016,0
19931017,0
19931018,0
19931019,0
19931020,0
19931021,0.7
19931022,0
19931023,0
19931024,0.2
19931025,0
19931026,2.2
19931027,0
19931028,8.6
19931029,14.3
19931030,4.6
19931031,4.6
19931101,11.3
19931102,0
19931103,0
19931104,0
19931105,0
19931106,4.9
19931107,0
19931108,10.9
19931109,27.2
19931110,4.4
19931111,0
19931112,0
19931113,20.6
19931114,0.5
19931115,17.5
19931116,4.2
19931117,1.5
19931118,8.4
19931119,1.9
19931120,0
19931121,0
19931122,2.5
19931123,0
19931124,3.1
19931125,0
19931126,0
19931127,1.1
19931128,14.2
19931129,19
19931130,0
19931201,3.8
19931202,0
19931203,0
19931204,2.5
19931205,5.1
19931206,1.1
19931207,0
19931208,0
19931209,0
19931210,0
19931211,0
19931212,3.2
19931213,13.8
19931214,0
19931215,2.4
19931216,0
19931217,0
19931218,0
19931219,0
19931220,0
19931221,0.3
19931222,0
19931223,7.7
19931224,7.2
19931225,0.5
19931226,15.6
19931227,0.4
19931228,0
19931229,0
19931230,3.5
19931231,0
19940101,0
19940102,0
19940103,0
19940104,20.8
19940105,14.3
19940106,6.6
19940107,8.8
19940108,1.5
19940109,4.5
19940110,2.4
19940111,0.1
19940112,0
19940113,0
19940114,8.3
19940115,2.4
19940116,15.9
19940117,0
19940118,0
19940119,0
19940120,0
19940121,0
19940122,0
19940123,0
19940124,0
19940125,8.7
19940126,26.8
19940127,0
19940128,1.2
19940129,1.1
19940130,0
19940131,0
19940201,0
19940202,0
19940203,0
19940204,0
19940205,0
19940206,2.1
19940207,13.6
19940208,0.4
19940209,0
19940210,0
19940211,0
19940212,6.6
19940213,0
19940214,4.7
19940215,5.4
19940216,0
19940217,0
19940218,0.4
19940219,0
19940220,0
19940221,6.5
19940222,0
19940223,20.5
19940224,0
19940225,0
19940226,5.6
19940227,0.3
19940228,0
19940301,1.9
19940302,2.6
19940303,9.7
19940304,0
19940305,8.8
19940306,0
19940307,0
19940308,18.1
19940309,0
19940310,4.7
19940311,0
19940312,0.4
19940313,0
19940314,0
19940315,4.9
19940316,0
19940317,15.6
19940318,0
19940319,0
19940320,0
19940321,9.7
19940322,0
19940323,6
19940324,0
19940325,11.2
19940326,3.4
19940327,0
19940328,7.6
19940329,0
19940330,0
19940331,0
19940401,0
19940402,0
19940403,0
19940404,0
19940405,0
19940406,0
19940407,0
19940408,0
19940409,0
19940410,0
19940411,4
19940412,0
19940413,3
19940414,8
19940415,5
19940416,1
19940417,0
19940418,2
19940419,2
19940420,4
19940421,0
19940422,0
19940423,0
19940424,22
19940425,9
19940426,0
19940427,0
19940428,0
19940429,3
19940430,13
19940501,15
19940502,0
19940503,7
19940504,0
19940505,0
19940506,23
19940507,0
19940508,0
19940509,0
19940510,0
19940511,0
19940512,0
19940513,0
19940514,0
19940515,10
19940516,20
19940517,20
19940518,0
19940519,0
19940520,0
19940521,0
19940522,0
19940523,0
19940524,0
19940525,34
19940526,0
19940527,0
19940528,42
19940529,0
19940530,0
19940531,0
19940601,0
19940602,0
19940603,0
19940604,0
19940605,0
19940606,0
19940607,0
19940608,0
19940609,3
19940610,0
19940611,0
19940612,0
19940613,0
19940614,0
19940615,0
19940616,0
19940617,0
19940618,0
19940619,0
19940620,0
19940621,3
19940622,0
19940623,0
19940624,0
19940625,0
19940626,0
19940627,0
19940628,0
19940629,0
19940630,0
19940701,8
19940702,0
19940703,0
19940704,0
19940705,0
19940706,0
19940707,0
19940708,0
19940709,0
19940710,0
19940711,0
19940712,0
19940713,0
19940714,0
19940715,0
19940716,0
19940717,0
19940718,0
19940719,0
19940720,0
19940721,0
19940722,0
19940723,0
19940724,0
19940725,0
19940726,0
19940727,0
19940728,0
19940729,0
19940730,0
19940731,0
19940801,0
19940802,0
19940803,0
19940804,0
19940805,0
19940806,0
19940807,0
19940808,0
19940809,0
19940810,0
19940811,0
19940812,0
19940813,0
19940814,0
19940815,12
19940816,0
19940817,5
19940818,0
19940819,10
19940820,5
19940821,15
19940822,8
19940823,0
19940824,0
19940825,0
19940826,0
19940827,0
19940828,0
19940829,0
19940830,0
19940831,0
19940901,0
19940902,0
19940903,0
19940904,0
19940905,0
19940906,0
19940907,0
19940908,0
19940909,9
19940910,0
19940911,0
19940912,0
19940913,0
19940914,9
19940915,0
19940916,0
19940917,0
19940918,9
19940919,0
19940920,0
19940921,0
19940922,0
19940923,0
19940924,0
19940925,0
19940926,0
19940927,0
19940928,8
19940929,0
19940930,8
19941001,0
19941002,0
19941003,4
19941004,2
19941005,3
19941006,0
19941007,5
19941008,2
19941009,8
19941010,20
19941011,5
19941012,8
19941013,1
19941014,3
19941015,2
19941016,3
19941017,0
19941018,1
19941019,5
19941020,4
19941021,9
19941022,0
19941023,1
19941024,3
19941025,1
19941026,0
19941027,0
19941028,11
19941029,6
19941030,0
19941031,0
19941101,0
19941102,0
19941103,4
19941104,0
19941105,11
19941106,13
19941107,31
19941108,13
19941109,4
19941110,22
19941111,7
19941112,7
19941113,24
19941114,6
19941115,1
19941116,0
19941117,0
19941118,10
19941119,7
19941120,0
19941121,2
19941122,16
19941123,18
19941124,0
19941125,1
19941126,20
19941127,4
19941128,30
19941129,34
19941130,0
19941201,11
19941202,13
19941203,26
19941204,5
19941205,9
19941206,10
19941207,0
19941208,0
19941209,13
19941210,23
19941211,0
19941212,0
19941213,0
19941214,0
19941215,18
19941216,44
19941217,10
19941218,0
19941219,0
19941220,5
19941221,0
19941222,0
19941223,0
19941224,1
19941225,23
19941226,5
19941227,25
19941228,1
19941229,0
19941230,0
19941231,24
19950101,0
19950102,0
19950103,0
19950104,0
19950105,0
19950106,64
19950107,14
19950108,14
19950109,0
19950110,0
19950111,41
19950112,0
19950113,0
19950114,0
19950115,0
19950116,0
19950117,0
19950118,0
19950119,0
19950120,0
19950121,0
19950122,0
19950123,0
19950124,0
19950125,0
19950126,0
19950127,0
19950128,0
19950129,0
19950130,0
19950131,0
19950201,0
19950202,0
19950203,0
19950204,0
19950205,0
19950206,0
19950207,49
19950208,0
19950209,0
19950210,0
19950211,0
19950212,12
19950213,0
19950214,0
19950215,0
19950216,0
19950217,12
19950218,5
19950219,0
19950220,0
19950221,0
19950222,0
19950223,17
19950224,14
19950225,0
19950226,0
19950227,0
19950228,12
19950301,0
19950302,0
19950303,0
19950304,0
19950305,0
19950306,36
19950307,0
19950308,0
19950309,0
19950310,0
19950311,15
19950312,32
19950313,0
19950314,0
19950315,0
19950316,0
19950317,0
19950318,0
19950319,0
19950320,0
19950321,0
19950322,12
19950323,0
19950324,0
19950325,6
19950326,0
19950327,0
19950328,11
19950329,0
19950330,21
19950331,0
19950401,0
19950402,0
19950403,0
19950404,0
19950405,24
19950406,0
19950407,0
19950408,0
19950409,0
19950410,0
19950411,12
19950412,2
19950413,10
19950414,3
19950415,0
19950416,0
19950417,0
19950418,0
19950419,0
19950420,0
19950421,0
19950422,7
19950423,0
19950424,2
19950425,22
19950426,1
19950427,15
19950428,5
19950429,4
19950430,4
19950501,2
19950502,5
19950503,6
19950504,20
19950505,3
19950506,2
19950507,1
19950508,2
19950509,6
19950510,7
19950511,0
19950512,0
19950513,36
19950514,9
19950515,1
19950516,2
19950517,0
19950518,0
19950519,0
19950520,0
19950521,0
19950522,0
19950523,0
19950524,0
19950525,0
19950526,20
19950527,0
19950528,4
19950529,0
19950530,4
19950531,0
19950601,0
19950602,0
19950603,0
19950604,0
19950605,42
19950606,46
19950607,0
19950608,0
19950609,0
19950610,0
19950611,0
19950612,0
19950613,0
19950614,0
19950615,0
19950616,0
19950617,0
19950618,0
19950619,0
19950620,0
19950621,0
19950622,0
19950623,0
19950624,0
19950625,0
19950626,0
19950627,0
19950628,0
19950629,0
19950630,0
19950701,0
19950702,0
19950703,0
19950704,0
19950705,0
19950706,0
19950707,0
19950708,0
19950709,0
19950710,0
19950711,0
19950712,0
19950713,0
19950714,0
19950715,0
19950716,0
19950717,0
19950718,0
19950719,0
19950720,0
19950721,0
19950722,0
19950723,0
19950724,0
19950725,0
19950726,0
19950727,0
19950728,0
19950729,0
19950730,0
19950731,0
19950801,0
19950802,0
19950803,0
19950804,0
19950805,0
19950806,0
19950807,0
19950808,0
19950809,0
19950810,0
19950811,0
19950812,0
19950813,0
19950814,0
19950815,0
19950816,0
19950817,0
19950818,0
19950819,0
19950820,0
19950821,0
19950822,0
19950823,0
19950824,0
19950825,0
19950826,0
19950827,0
19950828,0
19950829,0
19950830,0
19950831,0
19950901,0
19950902,0
19950903,0
19950904,0
19950905,0
19950906,0
19950907,0
19950908,0
19950909,0
19950910,0
19950911,34
19950912,0
19950913,11
19950914,0
19950915,0
19950916,0
19950917,12
19950918,0
19950919,0
19950920,0
19950921,0
19950922,0
19950923,0
19950924,0
19950925,24
19950926,34
19950927,0
19950928,0
19950929,0
19950930,0
19951001,2
19951002,2
19951003,0
19951004,8
19951005,2
19951006,24
19951007,0
19951008,0
19951009,0
19951010,1
19951011,5
19951012,1
19951013,5
19951014,5
19951015,1
19951016,0
19951017,0
19951018,0
19951019,0
19951020,0
19951021,4
19951022,0
19951023,12
19951024,0
19951025,1
19951026,0
19951027,0
19951028,0
19951029,11
19951030,4
19951031,0
19951101,7
19951102,1
19951103,35
19951104,13
19951105,0
19951106,6
19951107,0
19951108,0
19951109,0
19951110,26
19951111,3
19951112,0
19951113,0
19951114,0
19951115,10
19951116,0
19951117,0
19951118,0
19951119,0
19951120,0
19951121,9
19951122,10
19951123,0
19951124,6
19951125,15
19951126,12
19951127,15
19951128,12
19951129,10
19951130,40
19951201,19
19951202,15
19951203,0
19951204,55
19951205,7
19951206,7
19951207,3
19951208,0
19951209,0
19951210,3
19951211,0
19951212,0
19951213,42
19951214,0
19951215,0
19951216,0
19951217,52
19951218,23
19951219,1
19951220,0
19951221,19
19951222,0
19951223,22
19951224,15
19951225,1
19951226,1
19951227,1
19951228,0
19951229,23
19951230,1
19951231,0
19960101,0
19960102,0
19960103,0
19960104,0
19960105,0
19960106,0
19960107,0
19960108,0
19960109,0
19960110,0
19960111,0
19960112,52
19960113,0
19960114,9
19960115,0
19960116,0
19960117,0
19960118,0
19960119,0
19960120,0
19960121,0
19960122,14
19960123,0
19960124,0
19960125,0
19960126,0
19960127,0
19960128,0
19960129,0
19960130,0
19960131,30
19960201,0
19960202,0
19960203,0
19960204,0
19960205,0
19960206,0
19960207,0
19960208,0
19960209,35
19960210,0
19960211,0
19960212,0
19960213,0
19960214,0
19960215,0
19960216,0
19960217,21
19960218,32
19960219,0
19960220,0
19960221,0
19960222,0
19960223,39
19960224,0
19960225,0
19960226,4
19960227,0
19960228,12
19960229,0
19960301,0
19960302,0
19960303,0
19960304,0
19960305,2
19960306,24
19960307,0
19960308,0
19960309,5
19960310,10
19960311,4
19960312,8
19960313,10
19960314,0
19960315,0
19960316,0
19960317,28
19960318,0
19960319,3
19960320,7
19960321,0
19960322,0
19960323,6
19960324,20
19960325,6
19960326,0
19960327,17
19960328,12
19960329,1
19960330,0
19960331,0
19960401,13
19960402,0
19960403,0
19960404,4
19960405,12
19960406,9
19960407,0
19960408,3
19960409,0
19960410,3
19960411,9
19960412,0
19960413,0
19960414,0
19960415,2
19960416,2
19960417,0
19960418,6
19960419,2
19960420,0
19960421,0
19960422,0
19960423,0
19960424,0
19960425,2
19960426,9
19960427,5
19960428,5
19960429,1
19960430,3
19960501,4
19960502,1
19960503,0
19960504,0
19960505,0
19960506,0
19960507,33
19960508,0
19960509,0
19960510,1
19960511,0
19960512,0
19960513,11
19960514,0
19960515,23
19960516,11
19960517,0
19960518,0
19960519,0
19960520,0
19960521,0
19960522,0
19960523,0
19960524,0
19960525,2
19960526,24
19960527,0
19960528,1
19960529,0
19960530,4
19960531,0
19960601,0
19960602,0
19960603,0
19960604,81
19960605,0
19960606,0
19960607,0
19960608,0
19960609,0
19960610,0
19960611,0
19960612,0
19960613,0
19960614,0
19960615,0
19960616,0
19960617,0
19960618,0
19960619,0
19960620,0
19960621,0
19960622,0
19960623,0
19960624,0
19960625,0
19960626,0
19960627,0
19960628,0
19960629,0
19960630,0
19960701,0
19960702,0
19960703,0
19960704,0
19960705,0
19960706,0
19960707,0
19960708,0
19960709,0
19960710,0
19960711,0
19960712,0
19960713,0
19960714,0
19960715,0
19960716,0
19960717,0
19960718,0
19960719,0
19960720,0
19960721,0
19960722,0
19960723,0
19960724,0
19960725,0
19960726,0
19960727,0
19960728,0
19960729,0
19960730,0
19960731,0
19960801,0
19960802,0
19960803,0
19960804,0
19960805,0
19960806,0
19960807,0
19960808,0
19960809,0
19960810,0
19960811,0
19960812,0
19960813,0
19960814,0
19960815,0
19960816,0
19960817,0
19960818,0
19960819,0
19960820,0
19960821,0
19960822,0
19960823,0
19960824,0
19960825,0
19960826,0
19960827,0
19960828,0
19960829,0
19960830,0
19960831,0
19960901,52
19960902,0
19960903,0
19960904,3
19960905,24
19960906,0
19960907,0
19960908,38
19960909,24
19960910,3
19960911,0
19960912,0
19960913,0
19960914,0
19960915,0
19960916,18
19960917,35
19960918,0
19960919,0
19960920,7
19960921,0
19960922,0
19960923,0
19960924,0
19960925,0
19960926,0
19960927,0
19960928,29
19960929,0
19960930,0
19961001,11
19961002,0
19961003,5
19961004,0
19961005,11
19961006,6
19961007,0
19961008,0
19961009,0
19961010,1
19961011,1
19961012,8
19961013,15
19961014,5
19961015,1
19961016,6
19961017,0
19961018,2
19961019,1
19961020,4
19961021,9
19961022,0
19961023,0
19961024,0
19961025,0
19961026,0
19961027,0
19961028,0
19961029,0
19961030,0
19961031,0
19961101,0
19961102,0
19961103,8
19961104,0
19961105,18
19961106,9
19961107,21
19961108,17
19961109,29
19961110,30
19961111,0
19961112,31
19961113,21
19961114,11
19961115,9
19961116,0
19961117,5
19961118,0
19961119,3
19961120,9
19961121,33
19961122,23
19961123,5
19961124,6
19961125,0
19961126,14
19961127,4
19961128,1
19961129,0
19961130,0
19961201,0
19961202,6
19961203,26
19961204,10
19961205,0
19961206,0
19961207,0
19961208,98
19961209,1
19961210,1
19961211,0
19961212,0
19961213,0
19961214,5
19961215,30
19961216,0
19961217,52
19961218,0
19961219,0
19961220,0
19961221,25
19961222,16
19961223,0
19961224,28
19961225,0
19961226,0
19961227,0
19961228,11
19961229,6
19961230,3
19961231,14
19970101,0
19970102,3
19970103,0
19970104,42
19970105,0
19970106,0
19970107,5
19970108,0
19970109,0
19970110,35
19970111,0
19970112,48
19970113,0
19970114,0
19970115,0
19970116,0
19970117,0
19970118,0
19970119,0
19970120,0
19970121,0
19970122,0
19970123,0
19970124,0
19970125,17
19970126,16
19970127,20
19970128,0
19970129,16
19970130,0
19970131,0
19970201,0
19970202,0
19970203,0
19970204,0
19970205,0
19970206,0
19970207,0
19970208,0
19970209,0
19970210,0
19970211,0
19970212,0
19970213,0
19970214,0
19970215,0
19970216,11
19970217,12
19970218,0
19970219,0
19970220,25
19970221,0
19970222,0
19970223,0
19970224,0
19970225,0
19970226,0
19970227,0
19970228,0
19970301,0
19970302,0
19970303,0
19970304,7
19970305,0
19970306,0
19970307,0
19970308,30
19970309,0
19970310,0
19970311,0
19970312,0
19970313,0
19970314,0
19970315,25
19970316,0
19970317,0
19970318,20
19970319,15
19970320,1
19970321,0
19970322,0
19970323,10
19970324,22
19970325,0
19970326,0
19970327,0
19970328,12
19970329,20
19970330,0
19970331,2
19970401,11
19970402,3
19970403,16
19970404,4
19970405,5
19970406,21
19970407,2
19970408,14
19970409,16
19970410,9
19970411,0
19970412,3
19970413,6
19970414,0
19970415,1
19970416,0
19970417,9
19970418,0
19970419,6
19970420,2
19970421,0
19970422,11
19970423,4
19970424,12
19970425,8
19970426,4
19970427,5
19970428,0
19970429,12
19970430,10
19970501,25
19970502,1
19970503,3
19970504,0
19970505,5
19970506,3
19970507,0
19970508,1
19970509,2
19970510,7
19970511,6
19970512,13
19970513,8
19970514,0
19970515,5
19970516,23
19970517,15
19970518,0
19970519,0
19970520,0
19970521,0
19970522,0
19970523,0
19970524,0
19970525,0
19970526,20
19970527,0
19970528,0
19970529,0
19970530,8
19970531,0
19970601,0
19970602,0
19970603,0
19970604,0
19970605,0
19970606,0
19970607,0
19970608,0
19970609,0
19970610,0
19970611,0
19970612,0
19970613,0
19970614,0
19970615,0
19970616,50
19970617,31
19970618,1
19970619,0
19970620,0
19970621,0
19970622,0
19970623,0
19970624,0
19970625,0
19970626,0
19970627,0
19970628,0
19970629,0
19970630,61
19970701,0
19970702,0
19970703,0
19970704,0
19970705,0
19970706,0
19970707,0
19970708,0
19970709,0
19970710,0
19970711,0
19970712,0
19970713,0
19970714,0
19970715,0
19970716,0
19970717,0
19970718,0
19970719,0
19970720,0
19970721,0
19970722,0
19970723,0
19970724,0
19970725,0
19970726,0
19970727,0
19970728,0
19970729,0
19970730,0
19970731,0
19970801,0
19970802,0
19970803,0
19970804,60
19970805,0
19970806,0
19970807,0
19970808,0
19970809,0
19970810,0
19970811,0
19970812,0
19970813,0
19970814,0
19970815,0
19970816,0
19970817,0
19970818,0
19970819,0
19970820,0
19970821,0
19970822,0
19970823,0
19970824,0
19970825,0
19970826,0
19970827,0
19970828,0
19970829,0
19970830,0
19970831,0
19970901,0
19970902,0
19970903,0
19970904,0
19970905,0
19970906,0
19970907,0
19970908,0
19970909,0
19970910,0
19970911,0
19970912,0
19970913,0
19970914,0
19970915,0
19970916,0
19970917,57
19970918,0
19970919,0
19970920,0
19970921,0
19970922,0
19970923,0
19970924,0
19970925,0
19970926,0
19970927,0
19970928,0
19970929,0
19970930,0
19971001,0
19971002,0
19971003,0
19971004,0
19971005,0
19971006,5
19971007,0
19971008,22
19971009,27
19971010,5
19971011,0
19971012,4
19971013,15
19971014,7
19971015,2
19971016,6
19971017,13
19971018,3
19971019,0
19971020,2
19971021,9
19971022,10
19971023,0
19971024,7
19971025,0
19971026,0
19971027,0
19971028,0
19971029,0
19971030,1
19971031,0
19971101,14
19971102,7
19971103,0
19971104,23
19971105,0
19971106,14
19971107,0
19971108,25
19971109,0
19971110,28
19971111,0
19971112,15
19971113,18
19971114,25
19971115,26
19971116,9
19971117,47
19971118,18
19971119,7
19971120,30
19971121,26
19971122,7
19971123,11
19971124,12
19971125,0
19971126,0
19971127,0
19971128,4
19971129,17
19971130,22
19971201,11
19971202,5
19971203,10
19971204,5
19971205,12
19971206,10
19971207,24
19971208,28
19971209,3
19971210,16
19971211,1
19971212,14
19971213,16
19971214,7
19971215,0
19971216,10
19971217,24
19971218,23
19971219,14
19971220,20
19971221,19
19971222,3
19971223,0
19971224,1
19971225,19
19971226,19
19971227,0
19971228,1
19971229,0
19971230,3
19971231,9
19980101,0
19980102,0
19980103,0
19980104,0
19980105,13
19980106,0
19980107,0
19980108,0
19980109,13
19980110,11
19980111,0
19980112,0
19980113,0
19980114,35
19980115,0
19980116,0
19980117,0
19980118,0
19980119,0
19980120,0
19980121,0
19980122,0
19980123,0
19980124,0
19980125,0
19980126,0
19980127,0
19980128,0
19980129,56
19980130,0
19980131,6
19980201,0
19980202,0
19980203,0
19980204,3
19980205,0
19980206,4
19980207,10
19980208,0
19980209,32
19980210,0
19980211,0
19980212,0
19980213,0
19980214,0
19980215,0
19980216,0
19980217,0
19980218,0
19980219,26
19980220,0
19980221,0
19980222,0
19980223,0
19980224,0
19980225,0
19980226,49
19980227,0
19980228,0
19980301,0
19980302,0
19980303,4
19980304,0
19980305,0
19980306,11
19980307,24
19980308,2
19980309,0
19980310,4
19980311,0
19980312,21
19980313,0
19980314,0
19980315,0
19980316,0
19980317,15
19980318,0
19980319,0
19980320,7
19980321,0
19980322,19
19980323,0
19980324,0
19980325,0
19980326,10
19980327,16
19980328,0
19980329,2
19980330,0
19980331,8
19980401,1
19980402,0
19980403,12
19980404,7
19980405,0
19980406,0
19980407,1
19980408,2
19980409,6
19980410,4
19980411,0
19980412,0
19980413,0
19980414,0
19980415,0
19980416,0
19980417,0
19980418,13
19980419,0
19980420,25
19980421,3
19980422,0
19980423,0
19980424,0
19980425,22
19980426,0
19980427,0
19980428,1
19980429,3
19980430,0
19980501,11
19980502,0
19980503,0
19980504,25
19980505,0
19980506,14
19980507,0
19980508,0
19980509,52
19980510,0
19980511,17
19980512,18
19980513,0
19980514,18
19980515,6
19980516,0
19980517,0
19980518,6
19980519,0
19980520,0
19980521,0
19980522,0
19980523,0
19980524,0
19980525,0
19980526,0
19980527,0
19980528,18
19980529,1
19980530,0
19980531,0
19980601,0
19980602,0
19980603,0
19980604,0
19980605,0
19980606,0
19980607,0
19980608,0
19980609,144
19980610,0
19980611,0
19980612,0
19980613,0
19980614,0
19980615,0
19980616,0
19980617,0
19980618,0
19980619,0
19980620,0
19980621,0
19980622,0
19980623,0
19980624,0
19980625,0
19980626,0
19980627,0
19980628,0
19980629,0
19980630,0
19980701,0
19980702,0
19980703,0
19980704,0
19980705,0
19980706,0
19980707,0
19980708,0
19980709,0
19980710,0
19980711,0
19980712,0
19980713,0
19980714,0
19980715,0
19980716,0
19980717,0
19980718,0
19980719,0
19980720,0
19980721,0
19980722,63
19980723,0
19980724,0
19980725,0
19980726,0
19980727,0
19980728,0
19980729,0
19980730,0
19980731,0
19980801,0
19980802,0
19980803,0
19980804,0
19980805,0
19980806,0
19980807,0
19980808,0
19980809,0
19980810,0
19980811,0
19980812,0
19980813,0
19980814,0
19980815,0
19980816,0
19980817,0
19980818,0
19980819,0
19980820,0
19980821,0
19980822,0
19980823,0
19980824,0
19980825,0
19980826,0
19980827,0
19980828,0
19980829,0
19980830,0
19980831,0
19980901,0
19980902,0
19980903,0
19980904,37
19980905,0
19980906,0
19980907,0
19980908,0
19980909,0
19980910,0
19980911,0
19980912,31
19980913,0
19980914,0
19980915,0
19980916,0
19980917,0
19980918,16
19980919,14
19980920,27
19980921,0
19980922,0
19980923,0
19980924,0
19980925,26
19980926,10
19980927,0
19980928,0
19980929,0
19980930,14
19981001,6
19981002,8
19981003,0
19981004,2
19981005,17
19981006,0
19981007,2
19981008,1
19981009,0
19981010,0
19981011,0
19981012,1
19981013,19
19981014,11
19981015,4
19981016,0
19981017,12
19981018,0
19981019,0
19981020,0
19981021,0
19981022,12
19981023,7
19981024,1
19981025,9
19981026,5
19981027,2
19981028,1
19981029,0
19981030,4
19981031,0
19981101,14
19981102,4
19981103,1
19981104,13
19981105,13
19981106,30
19981107,43
19981108,0
19981109,4
19981110,4
19981111,0
19981112,0
19981113,6
19981114,0
19981115,0
19981116,17
19981117,7
19981118,19
19981119,1
19981120,8
19981121,1
19981122,6
19981123,19
19981124,0
19981125,12
19981126,2
19981127,1
19981128,27
19981129,9
19981130,0
19981201,0
19981202,0
19981203,0
19981204,0
19981205,9
19981206,21
19981207,0
19981208,15
19981209,0
19981210,0
19981211,0
19981212,0
19981213,0
19981214,0
19981215,0
19981216,0
19981217,8
19981218,37
19981219,0
19981220,0
19981221,0
19981222,1
19981223,0
19981224,7
19981225,5
19981226,21
19981227,0
19981228,41
19981229,0
19981230,0
19981231,0
19990101,0
19990102,0
19990103,0
19990104,0
19990105,0
19990106,0
19990107,0
19990108,0
19990109,0
19990110,0
19990111,3
19990112,0
19990113,3
19990114,28
19990115,0
19990116,0
19990117,5
19990118,5
19990119,3
19990120,1
19990121,6
19990122,3
19990123,0
19990124,0
19990125,0
19990126,0
19990127,0
19990128,0
19990129,0
19990130,15
19990131,0
19990201,0
19990202,0
19990203,0
19990204,0
19990205,0
19990206,0
19990207,0
19990208,0
19990209,0
19990210,0
19990211,0
19990212,0
19990213,0
19990214,0
19990215,0
19990216,0
19990217,0
19990218,0
19990219,0
19990220,0
19990221,0
19990222,0
19990223,0
19990224,0
19990225,0
19990226,0
19990227,44
19990228,0
19990301,2
19990302,2
19990303,0
19990304,1
19990305,2
19990306,7
19990307,5
19990308,0
19990309,0
19990310,20
19990311,4
19990312,7
19990313,0
19990314,18
19990315,11
19990316,0
19990317,1
19990318,13
19990319,3
19990320,0
19990321,0
19990322,0
19990323,0
19990324,10
19990325,16
19990326,22
19990327,0
19990328,3
19990329,3
19990330,7
19990331,0
19990401,11
19990402,0
19990403,10
19990404,7
19990405,2
19990406,10
19990407,0
19990408,1
19990409,1
19990410,8
19990411,10
19990412,6
19990413,0
19990414,0
19990415,0
19990416,0
19990417,0
19990418,8
19990419,7
19990420,0
19990421,0
19990422,0
19990423,7
19990424,7
19990425,3
19990426,0
19990427,5
19990428,0
19990429,0
19990430,3
19990501,5
19990502,12
19990503,3
19990504,0
19990505,7
19990506,1
19990507,0
19990508,0
19990509,0
19990510,0
19990511,0
19990512,0
19990513,0
19990514,0
19990515,0
19990516,38
19990517,7
19990518,0
19990519,0
19990520,0
19990521,0
19990522,0
19990523,0
19990524,0
19990525,0
19990526,0
19990527,0
19990528,0
19990529,25
19990530,0
19990531,0
19990601,0
19990602,0
19990603,0
19990604,0
19990605,0
19990606,0
19990607,0
19990608,0
19990609,0
19990610,0
19990611,0
19990612,0
19990613,0
19990614,0
19990615,0
19990616,0
19990617,0
19990618,0
19990619,0
19990620,0
19990621,0
19990622,0
19990623,0
19990624,0
19990625,0
19990626,0
19990627,0
19990628,0
19990629,0
19990630,0
19990701,0
19990702,0
19990703,0
19990704,0
19990705,0
19990706,0
19990707,0
19990708,0
19990709,0
19990710,0
19990711,0
19990712,0
19990713,0
19990714,0
19990715,0
19990716,0
19990717,0
19990718,0
19990719,0
19990720,0
19990721,0
19990722,0
19990723,0
19990724,0
19990725,0
19990726,0
19990727,0
19990728,0
19990729,0
19990730,0
19990731,0
19990801,0
19990802,0
19990803,0
19990804,80
19990805,0
19990806,0
19990807,0
19990808,0
19990809,0
19990810,0
19990811,0
19990812,0
19990813,0
19990814,0
19990815,0
19990816,0
19990817,0
19990818,0
19990819,0
19990820,0
19990821,0
19990822,0
19990823,0
19990824,0
19990825,0
19990826,0
19990827,0
19990828,0
19990829,0
19990830,0
19990831,41
19990901,27
19990902,24
19990903,0
19990904,0
19990905,0
19990906,0
19990907,0
19990908,0
19990909,9
19990910,0
19990911,0
19990912,64
19990913,0
19990914,0
19990915,0
19990916,0
19990917,0
19990918,0
19990919,0
19990920,0
19990921,0
19990922,0
19990923,31
19990924,20
19990925,0
19990926,0
19990927,32
19990928,8
19990929,0
19990930,0
19991001,0
19991002,5
19991003,0
19991004,0
19991005,9
19991006,6
19991007,0
19991008,2
19991009,4
19991010,16
19991011,3
19991012,0
19991013,25
19991014,8
19991015,0
19991016,0
19991017,0
19991018,0
19991019,0
19991020,0
19991021,0
19991022,0
19991023,0
19991024,0
19991025,0
19991026,0
19991027,0
19991028,0
19991029,26
19991030,0
19991031,0
19991101,0
19991102,1
19991103,29
19991104,36
19991105,15
19991106,0
19991107,13
19991108,14
19991109,0
19991110,9
19991111,21
19991112,3
19991113,21
19991114,0
19991115,29
19991116,11
19991117,18
19991118,7
19991119,0
19991120,9
19991121,13
19991122,20
19991123,0
19991124,0
19991125,0
19991126,2
19991127,16
19991128,17
19991129,12
19991130,21
19991201,13
19991202,22
19991203,0
19991204,35
19991205,1
19991206,0
19991207,9
19991208,1
19991209,30
19991210,1
19991211,11
19991212,30
19991213,7
19991214,24
19991215,10
19991216,10
19991217,0
19991218,23
19991219,24
19991220,6
19991221,21
19991222,5
19991223,37
19991224,16
19991225,14
19991226,7
19991227,30
19991228,1
19991229,4
19991230,6
19991231,0
20000101,0
20000102,0
20000103,0
20000104,21
20000105,0
20000106,0
20000107,0
20000108,25
20000109,0
20000110,0
20000111,0
20000112,0
20000113,0
20000114,35
20000115,0
20000116,0
20000117,0
20000118,0
20000119,0
20000120,0
20000121,16
20000122,0
20000123,22
20000124,0
20000125,0
20000126,0
20000127,0
20000128,0
20000129,0
20000130,0
20000131,0
20000201,0
20000202,0
20000203,0
20000204,0
20000205,0
20000206,0
20000207,0
20000208,0
20000209,0
20000210,0
20000211,0
20000212,0
20000213,0
20000214,0
20000215,0
20000216,14
20000217,34
20000218,0
20000219,0
20000220,0
20000221,0
20000222,0
20000223,0
20000224,57
20000225,0
20000226,0
20000227,0
20000228,0
20000229,0
20000301,0
20000302,7
20000303,6
20000304,0
20000305,0
20000306,13
20000307,5
20000308,2
20000309,0
20000310,0
20000311,0
20000312,0
20000313,0
20000314,0
20000315,36
20000316,0
20000317,0
20000318,0
20000319,0
20000320,10
20000321,3
20000322,7
20000323,0
20000324,29
20000325,16
20000326,0
20000327,0
20000328,0
20000329,0
20000330,0
20000331,0
20000401,0
20000402,1
20000403,10
20000404,0
20000405,0
20000406,7
20000407,2
20000408,9
20000409,0
20000410,2
20000411,8
20000412,7
20000413,0
20000414,5
20000415,8
20000416,9
20000417,0
20000418,0
20000419,0
20000420,0
20000421,0
20000422,0
20000423,0
20000424,13
20000425,2
20000426,6
20000427,2
20000428,0
20000429,11
20000430,1
20000501,0
20000502,12
20000503,3
20000504,0
20000505,0
20000506,10
20000507,0
20000508,0
20000509,7
20000510,0
20000511,0
20000512,10
20000513,33
20000514,0
20000515,0
20000516,0
20000517,0
20000518,0
20000519,0
20000520,0
20000521,0
20000522,0
20000523,0
20000524,0
20000525,0
20000526,15
20000527,10
20000528,0
20000529,4
20000530,10
20000531,0
20000601,0
20000602,0
20000603,0
20000604,0
20000605,0
20000606,0
20000607,0
20000608,0
20000609,0
20000610,0
20000611,0
20000612,0
20000613,0
20000614,0
20000615,0
20000616,0
20000617,0
20000618,0
20000619,0
20000620,0
20000621,0
20000622,0
20000623,0
20000624,0
20000625,0
20000626,0
20000627,0
20000628,0
20000629,0
20000630,0
20000701,0
20000702,0
20000703,0
20000704,0
20000705,0
20000706,0
20000707,0
20000708,0
20000709,0
20000710,0
20000711,0
20000712,0
20000713,0
20000714,0
20000715,0
20000716,0
20000717,0
20000718,0
20000719,0
20000720,0
20000721,0
20000722,0
20000723,0
20000724,0
20000725,0
20000726,0
20000727,0
20000728,0
20000729,0
20000730,0
20000731,0
20000801,0
20000802,0
20000803,0
20000804,0
20000805,0
20000806,0
20000807,0
20000808,0
20000809,0
20000810,0
20000811,0
20000812,0
20000813,0
20000814,0
20000815,0
20000816,0
20000817,0
20000818,0
20000819,0
20000820,0
20000821,0
20000822,0
20000823,0
20000824,0
20000825,0
20000826,0
20000827,0
20000828,0
20000829,0
20000830,0
20000831,0
20000901,0
20000902,0
20000903,0
20000904,0
20000905,0
20000906,0
20000907,0
20000908,0
20000909,0
20000910,0
20000911,0
20000912,0
20000913,0
20000914,0
20000915,0
20000916,0
20000917,0
20000918,0
20000919,0
20000920,0
20000921,0
20000922,0
20000923,0
20000924,0
20000925,0
20000926,0
20000927,0
20000928,0
20000929,0
20000930,0
20001001,9
20001002,1
20001003,0
20001004,0
20001005,2
20001006,0
20001007,0
20001008,6
20001009,0
20001010,16
20001011,0
20001012,0
20001013,0
20001014,0
20001015,0
20001016,1
20001017,7
20001018,3
20001019,6
20001020,19
20001021,2
20001022,0
20001023,2
20001024,6
20001025,15
20001026,0
20001027,1
20001028,0
20001029,8
20001030,8
20001031,1
20001101,18
20001102,33
20001103,31
20001104,37
20001105,13
20001106,40
20001107,15
20001108,9
20001109,18
20001110,21
20001111,26
20001112,6
20001113,6
20001114,0
20001115,29
20001116,23
20001117,0
20001118,0
20001119,19
20001120,9
20001121,35
20001122,19
20001123,0
20001124,0
20001125,5
20001126,1
20001127,1
20001128,4
20001129,0
20001130,1
20001201,0
20001202,0
20001203,24
20001204,17
20001205,3
20001206,12
20001207,0
20001208,20
20001209,36
20001210,16
20001211,0
20001212,16
20001213,16
20001214,0
20001215,7
20001216,51
20001217,40
20001218,10
20001219,0
20001220,0
20001221,0
20001222,55
20001223,0
20001224,0
20001225,0
20001226,0
20001227,6
20001228,0
20001229,0
20001230,14
20001231,8
20010101,0
20010102,29
20010103,0
20010104,0
20010105,0
20010106,0
20010107,0
20010108,0
20010109,0
20010110,0
20010111,0
20010112,0
20010113,0
20010114,13
20010115,0
20010116,0
20010117,27
20010118,0
20010119,0
20010120,0
20010121,6
20010122,0
20010123,0
20010124,0
20010125,8
20010126,39
20010127,0
20010128,8
20010129,0
20010130,0
20010131,0
20010201,0
20010202,0
20010203,0
20010204,0
20010205,0
20010206,0
20010207,0
20010208,0
20010209,0
20010210,0
20010211,0
20010212,0
20010213,0
20010214,0
20010215,0
20010216,0
20010217,0
20010218,0
20010219,13
20010220,32
20010221,0
20010222,0
20010223,0
20010224,0
20010225,0
20010226,0
20010227,0
20010228,0
20010301,0
20010302,0
20010303,0
20010304,0
20010305,36
20010306,0
20010307,0
20010308,7
20010309,0
20010310,0
20010311,7
20010312,0
20010313,0
20010314,0
20010315,5
20010316,10
20010317,0
20010318,9
20010319,16
20010320,10
20010321,0
20010322,1
20010323,10
20010324,0
20010325,19
20010326,0
20010327,1
20010328,7
20010329,1
20010330,11
20010331,6
20010401,7
20010402,4
20010403,0
20010404,3
20010405,14
20010406,4
20010407,19
20010408,1
20010409,0
20010410,10
20010411,0
20010412,3
20010413,0
20010414,0
20010415,1
20010416,5
20010417,0
20010418,0
20010419,0
20010420,10
20010421,3
20010422,0
20010423,6
20010424,15
20010425,6
20010426,0
20010427,0
20010428,0
20010429,0
20010430,4
20010501,3
20010502,1
20010503,0
20010504,7
20010505,10
20010506,10
20010507,6
20010508,11
20010509,1
20010510,0
20010511,0
20010512,0
20010513,5
20010514,12
20010515,9
20010516,17
20010517,0
20010518,0
20010519,0
20010520,0
20010521,0
20010522,22
20010523,6
20010524,0
20010525,0
20010526,0
20010527,4
20010528,11
20010529,0
20010530,0
20010531,0
20010601,0
20010602,0
20010603,56
20010604,0
20010605,0
20010606,0
20010607,0
20010608,0
20010609,0
20010610,0
20010611,0
20010612,0
20010613,0
20010614,0
20010615,0
20010616,0
20010617,0
20010618,0
20010619,0
20010620,0
20010621,0
20010622,0
20010623,0
20010624,0
20010625,0
20010626,0
20010627,0
20010628,0
20010629,0
20010630,0
20010701,0
20010702,0
20010703,0
20010704,0
20010705,0
20010706,0
20010707,0
20010708,0
20010709,0
20010710,0
20010711,0
20010712,0
20010713,0
20010714,0
20010715,0
20010716,0
20010717,0
20010718,0
20010719,0
20010720,0
20010721,0
20010722,119
20010723,0
20010724,0
20010725,0
20010726,0
20010727,0
20010728,0
20010729,0
20010730,0
20010731,0
20010801,0
20010802,0
20010803,0
20010804,0
20010805,0
20010806,0
20010807,0
20010808,0
20010809,0
20010810,0
20010811,0
20010812,70
20010813,0
20010814,0
20010815,0
20010816,0
20010817,0
20010818,22
20010819,0
20010820,0
20010821,0
20010822,0
20010823,0
20010824,0
20010825,0
20010826,0
20010827,0
20010828,0
20010829,0
20010830,0
20010831,0
20010901,0
20010902,0
20010903,0
20010904,0
20010905,0
20010906,0
20010907,48
20010908,0
20010909,0
20010910,7
20010911,0
20010912,0
20010913,40
20010914,0
20010915,0
20010916,0
20010917,0
20010918,32
20010919,22
20010920,0
20010921,0
20010922,40
20010923,3
20010924,0
20010925,0
20010926,0
20010927,26
20010928,12
20010929,0
20010930,0
20011001,0
20011002,5
20011003,6
20011004,4
20011005,1
20011006,0
20011007,1
20011008,6
20011009,0
20011010,17
20011011,7
20011012,25
20011013,15
20011014,5
20011015,1
20011016,0
20011017,2
20011018,5
20011019,0
20011020,0
20011021,0
20011022,0
20011023,7
20011024,0
20011025,6
20011026,0
20011027,0
20011028,1
20011029,12
20011030,13
20011031,5
20011101,12
20011102,10
20011103,9
20011104,19
20011105,1
20011106,10
20011107,0
20011108,1
20011109,10
20011110,18
20011111,5
20011112,12
20011113,2
20011114,34
20011115,12
20011116,2
20011117,6
20011118,21
20011119,7
20011120,2
20011121,0
20011122,9
20011123,7
20011124,4
20011125,1
20011126,0
20011127,5
20011128,27
20011129,4
20011130,24
20011201,9
20011202,6
20011203,17
20011204,21
20011205,25
20011206,23
20011207,50
20011208,0
20011209,1
20011210,0
20011211,0
20011212,73
20011213,24
20011214,0
20011215,0
20011216,5
20011217,0
20011218,0
20011219,5
20011220,24
20011221,1
20011222,0
20011223,7
20011224,0
20011225,18
20011226,24
20011227,10
20011228,4
20011229,11
20011230,9
20011231,30
20020101,0
20020102,0
20020103,26
20020104,17
20020105,0
20020106,0
20020107,0
20020108,0
20020109,0
20020110,0
20020111,0
20020112,60
20020113,0
20020114,0
20020115,12
20020116,0
20020117,0
20020118,0
20020119,0
20020120,11
20020121,0
20020122,0
20020123,0
20020124,0
20020125,56
20020126,0
20020127,0
20020128,0
20020129,0
20020130,0
20020131,0
20020201,0
20020202,0
20020203,0
20020204,0
20020205,0
20020206,0
20020207,0
20020208,0
20020209,0
20020210,42
20020211,0
20020212,1
20020213,1
20020214,15
20020215,4
20020216,19
20020217,5
20020218,0
20020219,2
20020220,0
20020221,0
20020222,0
20020223,0
20020224,0
20020225,0
20020226,0
20020227,0
20020228,0
20020301,0
20020302,0
20020303,12
20020304,0
20020305,12
20020306,5
20020307,4
20020308,2
20020309,8
20020310,1
20020311,0
20020312,0
20020313,4
20020314,0
20020315,11
20020316,4
20020317,15
20020318,8
20020319,0
20020320,11
20020321,0
20020322,0
20020323,0
20020324,33
20020325,0
20020326,12
20020327,0
20020328,0
20020329,8
20020330,0
20020331,0
20020401,3
20020402,4
20020403,1
20020404,4
20020405,18
20020406,0
20020407,0
20020408,4
20020409,0
20020410,0
20020411,18
20020412,6
20020413,0
20020414,0
20020415,5
20020416,4
20020417,1
20020418,3
20020419,5
20020420,4
20020421,2
20020422,6
20020423,7
20020424,0
20020425,5
20020426,0
20020427,5
20020428,3
20020429,16
20020430,17
20020501,0
20020502,9
20020503,16
20020504,17
20020505,7
20020506,6
20020507,2
20020508,15
20020509,0
20020510,6
20020511,0
20020512,0
20020513,2
20020514,0
20020515,0
20020516,45
20020517,0
20020518,0
20020519,0
20020520,0
20020521,0
20020522,0
20020523,0
20020524,13
20020525,1
20020526,0
20020527,15
20020528,11
20020529,4
20020530,0
20020531,0
20020601,0
20020602,0
20020603,0
20020604,0
20020605,0
20020606,0
20020607,0
20020608,0
20020609,0
20020610,0
20020611,0
20020612,0
20020613,0
20020614,0
20020615,0
20020616,0
20020617,0
20020618,0
20020619,0
20020620,0
20020621,0
20020622,0
20020623,0
20020624,0
20020625,0
20020626,0
20020627,0
20020628,0
20020629,0
20020630,0
20020701,0
20020702,0
20020703,0
20020704,0
20020705,0
20020706,0
20020707,0
20020708,0
20020709,0
20020710,0
20020711,0
20020712,0
20020713,0
20020714,0
20020715,0
20020716,0
20020717,0
20020718,0
20020719,0
20020720,0
20020721,0
20020722,0
20020723,0
20020724,0
20020725,0
20020726,0
20020727,0
20020728,0
20020729,0
20020730,0
20020731,0
20020801,0
20020802,0
20020803,0
20020804,0
20020805,0
20020806,0
20020807,0
20020808,0
20020809,0
20020810,0
20020811,0
20020812,0
20020813,0
20020814,0
20020815,0
20020816,0
20020817,0
20020818,0
20020819,0
20020820,0
20020821,0
20020822,0
20020823,0
20020824,0
20020825,0
20020826,0
20020827,0
20020828,0
20020829,0
20020830,0
20020831,0
20020901,0
20020902,0
20020903,0
20020904,0
20020905,0
20020906,0
20020907,0
20020908,0
20020909,0
20020910,0
20020911,41
20020912,0
20020913,0
20020914,0
20020915,0
20020916,0
20020917,0
20020918,0
20020919,0
20020920,0
20020921,0
20020922,23
20020923,0
20020924,11
20020925,0
20020926,0
20020927,0
20020928,0
20020929,0
20020930,0
20021001,0
20021002,0
20021003,0
20021004,6
20021005,0
20021006,0
20021007,0
20021008,12
20021009,20
20021010,0
20021011,0
20021012,0
20021013,0
20021014,0
20021015,2
20021016,8
20021017,6
20021018,12
20021019,11
20021020,8
20021021,0
20021022,0
20021023,3
20021024,1
20021025,8
20021026,0
20021027,1
20021028,4
20021029,0
20021030,6
20021031,0
20021101,0
20021102,14
20021103,0
20021104,0
20021105,3
20021106,30
20021107,11
20021108,7
20021109,0
20021110,18
20021111,0
20021112,7
20021113,19
20021114,11
20021115,24
20021116,0
20021117,3
20021118,3
20021119,7
20021120,0
20021121,0
20021122,0
20021123,0
20021124,0
20021125,0
20021126,17
20021127,0
20021128,0
20021129,26
20021130,0
20021201,0
20021202,1
20021203,14
20021204,14
20021205,5
20021206,23
20021207,0
20021208,38
20021209,34
20021210,34
20021211,5
20021212,21
20021213,10
20021214,5
20021215,1
20021216,5
20021217,0
20021218,31
20021219,30
20021220,5
20021221,52
20021222,18
20021223,11
20021224,5
20021225,9
20021226,5
20021227,10
20021228,4
20021229,0
20021230,0
20021231,17
20030101,0
20030102,0
20030103,33
20030104,0
20030105,0
20030106,0
20030107,0
20030108,0
20030109,0
20030110,0
20030111,0
20030112,0
20030113,0
20030114,0
20030115,0
20030116,0
20030117,0
20030118,0
20030119,30
20030120,0
20030121,0
20030122,19
20030123,0
20030124,0
20030125,0
20030126,0
20030127,0
20030128,0
20030129,19
20030130,0
20030131,0
20030201,0
20030202,0
20030203,0
20030204,0
20030205,0
20030206,0
20030207,0
20030208,0
20030209,0
20030210,0
20030211,0
20030212,0
20030213,0
20030214,31
20030215,13
20030216,8
20030217,0
20030218,0
20030219,0
20030220,0
20030221,0
20030222,0
20030223,0
20030224,0
20030225,0
20030226,0
20030227,0
20030228,0
20030301,30
20030302,0
20030303,1
20030304,0
20030305,0
20030306,0
20030307,0
20030308,0
20030309,0
20030310,2
20030311,2
20030312,0
20030313,0
20030314,0
20030315,19
20030316,0
20030317,0
20030318,28
20030319,0
20030320,0
20030321,10
20030322,21
20030323,6
20030324,0
20030325,16
20030326,0
20030327,0
20030328,0
20030329,0
20030330,3
20030331,0
20030401,2
20030402,0
20030403,7
20030404,1
20030405,22
20030406,3
20030407,0
20030408,4
20030409,0
20030410,0
20030411,0
20030412,0
20030413,0
20030414,8
20030415,0
20030416,7
20030417,14
20030418,9
20030419,6
20030420,2
20030421,8
20030422,18
20030423,0
20030424,5
20030425,0
20030426,2
20030427,3
20030428,0
20030429,0
20030430,19
20030501,15
20030502,0
20030503,7
20030504,3
20030505,7
20030506,1
20030507,0
20030508,8
20030509,11
20030510,6
20030511,27
20030512,9
20030513,11
20030514,0
20030515,0
20030516,0
20030517,0
20030518,0
20030519,0
20030520,3
20030521,0
20030522,27
20030523,6
20030524,0
20030525,0
20030526,0
20030527,1
20030528,12
20030529,4
20030530,0
20030531,0
20030601,0
20030602,0
20030603,0
20030604,0
20030605,16
20030606,0
20030607,0
20030608,0
20030609,22
20030610,95
20030611,0
20030612,0
20030613,0
20030614,0
20030615,0
20030616,0
20030617,0
20030618,0
20030619,0
20030620,0
20030621,0
20030622,0
20030623,0
20030624,0
20030625,66
20030626,0
20030627,0
20030628,0
20030629,0
20030630,0
20030701,0
20030702,0
20030703,0
20030704,0
20030705,0
20030706,0
20030707,0
20030708,0
20030709,0
20030710,0
20030711,0
20030712,0
20030713,0
20030714,0
20030715,0
20030716,0
20030717,0
20030718,0
20030719,0
20030720,0
20030721,0
20030722,0
20030723,0
20030724,0
20030725,0
20030726,0
20030727,0
20030728,0
20030729,0
20030730,0
20030731,0
20030801,0
20030802,0
20030803,0
20030804,0
20030805,0
20030806,0
20030807,0
20030808,0
20030809,0
20030810,0
20030811,0
20030812,0
20030813,0
20030814,0
20030815,0
20030816,0
20030817,0
20030818,0
20030819,0
20030820,81
20030821,31
20030822,62
20030823,0
20030824,0
20030825,0
20030826,0
20030827,0
20030828,0
20030829,0
20030830,0
20030831,0
20030901,0
20030902,0
20030903,0
20030904,0
20030905,6
20030906,41
20030907,0
20030908,22
20030909,22
20030910,0
20030911,0
20030912,26
20030913,0
20030914,33
20030915,23
20030916,0
20030917,26
20030918,0
20030919,0
20030920,0
20030921,0
20030922,21
20030923,15
20030924,0
20030925,0
20030926,0
20030927,0
20030928,0
20030929,0
20030930,0
20031001,0
20031002,1
20031003,0
20031004,0
20031005,10
20031006,10
20031007,13
20031008,15
20031009,0
20031010,0
20031011,0
20031012,1
20031013,0
20031014,12
20031015,0
20031016,23
20031017,0
20031018,2
20031019,5
20031020,0
20031021,0
20031022,0
20031023,5
20031024,0
20031025,0
20031026,0
20031027,15
20031028,4
20031029,6
20031030,1
20031031,9
20031101,34
20031102,41
20031103,27
20031104,1
20031105,6
20031106,13
20031107,0
20031108,3
20031109,1
20031110,5
20031111,0
20031112,0
20031113,7
20031114,5
20031115,0
20031116,0
20031117,0
20031118,0
20031119,2
20031120,33
20031121,6
20031122,12
20031123,11
20031124,12
20031125,9
20031126,24
20031127,8
20031128,8
20031129,1
20031130,11
20031201,4
20031202,6
20031203,12
20031204,28
20031205,0
20031206,29
20031207,0
20031208,9
20031209,13
20031210,20
20031211,12
20031212,0
20031213,53
20031214,0
20031215,0
20031216,0
20031217,0
20031218,0
20031219,0
20031220,36
20031221,0
20031222,0
20031223,0
20031224,37
20031225,0
20031226,0
20031227,0
20031228,0
20031229,0
20031230,0
20031231,0
20040101,0
20040102,0
20040103,0
20040104,0
20040105,0
20040106,0
20040107,0
20040108,0
20040109,0
20040110,0
20040111,0
20040112,3
20040113,27
20040114,3
20040115,0
20040116,3
20040117,0
20040118,83
20040119,12
20040120,0
20040121,0
20040122,39
20040123,0
20040124,40
20040125,0
20040126,0
20040127,0
20040128,0
20040129,0
20040130,0
20040131,0
20040201,0
20040202,0
20040203,17
20040204,38
20040205,0
20040206,0
20040207,0
20040208,0
20040209,0
20040210,0
20040211,0
20040212,0
20040213,0
20040214,0
20040215,0
20040216,0
20040217,0
20040218,0
20040219,0
20040220,0
20040221,0
20040222,0
20040223,0
20040224,0
20040225,0
20040226,38
20040227,10
20040228,0
20040229,0
20040301,5
20040302,0
20040303,0
20040304,0
20040305,1
20040306,0
20040307,17
20040308,13
20040309,7
20040310,0
20040311,18
20040312,0
20040313,8
20040314,0
20040315,0
20040316,0
20040317,0
20040318,16
20040319,7
20040320,3
20040321,14
20040322,0
20040323,0
20040324,0
20040325,0
20040326,22
20040327,17
20040328,1
20040329,1
20040330,10
20040331,0
20040401,2
20040402,0
20040403,13
20040404,9
20040405,10
20040406,2
20040407,7
20040408,0
20040409,13
20040410,9
20040411,12
20040412,17
20040413,13
20040414,7
20040415,1
20040416,0
20040417,0
20040418,0
20040419,0
20040420,3
20040421,2
20040422,5
20040423,0
20040424,20
20040425,3
20040426,0
20040427,0
20040428,15
20040429,1
20040430,0
20040501,1
20040502,15
20040503,18
20040504,5
20040505,0
20040506,1
20040507,0
20040508,2
20040509,0
20040510,0
20040511,0
20040512,0
20040513,0
20040514,0
20040515,0
20040516,0
20040517,0
20040518,0
20040519,46
20040520,0
20040521,0
20040522,0
20040523,0
20040524,0
20040525,0
20040526,0
20040527,0
20040528,0
20040529,25
20040530,0
20040531,0
20040601,0
20040602,0
20040603,0
20040604,0
20040605,0
20040606,0
20040607,0
20040608,0
20040609,0
20040610,0
20040611,0
20040612,0
20040613,0
20040614,0
20040615,0
20040616,0
20040617,0
20040618,0
20040619,0
20040620,0
20040621,0
20040622,0
20040623,0
20040624,0
20040625,0
20040626,0
20040627,0
20040628,0
20040629,0
20040630,0
20040701,0
20040702,0
20040703,0
20040704,0
20040705,0
20040706,0
20040707,0
20040708,0
20040709,0
20040710,0
20040711,0
20040712,0
20040713,0
20040714,0
20040715,0
20040716,0
20040717,0
20040718,0
20040719,0
20040720,0
20040721,0
20040722,0
20040723,0
20040724,0
20040725,0
20040726,0
20040727,0
20040728,0
20040729,0
20040730,0
20040731,0
20040801,0
20040802,0
20040803,0
20040804,0
20040805,0
20040806,0
20040807,0
20040808,0
20040809,0
20040810,70
20040811,0
20040812,0
20040813,0
20040814,0
20040815,0
20040816,0
20040817,0
20040818,0
20040819,0
20040820,0
20040821,0
20040822,0
20040823,0
20040824,0
20040825,0
20040826,0
20040827,0
20040828,0
20040829,0
20040830,0
20040831,0
20040901,0
20040902,0
20040903,0
20040904,16
20040905,0
20040906,22
20040907,4
20040908,24
20040909,0
20040910,0
20040911,0
20040912,0
20040913,0
20040914,0
20040915,0
20040916,0
20040917,0
20040918,0
20040919,41
20040920,0
20040921,0
20040922,0
20040923,0
20040924,0
20040925,9
20040926,26
20040927,25
20040928,0
20040929,0
20040930,0
20041001,0
20041002,13
20041003,0
20041004,15
20041005,3
20041006,0
20041007,0
20041008,0
20041009,0
20041010,0
20041011,8
20041012,1
20041013,1
20041014,0
20041015,0
20041016,0
20041017,0
20041018,0
20041019,0
20041020,0
20041021,0
20041022,7
20041023,0
20041024,0
20041025,4
20041026,0
20041027,0
20041028,0
20041029,0
20041030,0
20041031,0
20041101,1
20041102,0
20041103,0
20041104,0
20041105,10
20041106,8
20041107,5
20041108,0
20041109,2
20041110,5
20041111,5
20041112,0
20041113,0
20041114,14
20041115,7
20041116,0
20041117,6
20041118,0
20041119,2
20041120,1
20041121,0
20041122,0
20041123,0
20041124,5
20041125,20
20041126,0
20041127,8
20041128,3
20041129,0
20041130,0
20041201,0
20041202,11
20041203,22
20041204,11
20041205,0
20041206,0
20041207,7
20041208,2
20041209,10
20041210,0
20041211,3
20041212,0
20041213,0
20041214,1
20041215,13
20041216,0
20041217,0
20041218,13
20041219,0
20041220,0
20041221,0
20041222,0
20041223,14
20041224,0
20041225,0
20041226,0
20041227,0
20041228,0
20041229,5
20041230,16
20041231,0
20050101,0
20050102,0
20050103,2
20050104,0
20050105,0
20050106,0
20050107,0
20050108,3
20050109,0
20050110,0
20050111,0
20050112,0
20050113,21
20050114,0
20050115,7
20050116,0
20050117,0
20050118,0
20050119,0
20050120,0
20050121,0
20050122,0
20050123,0
20050124,1
20050125,1
20050126,0
20050127,3
20050128,6
20050129,0
20050130,0
20050131,0
20050201,0
20050202,0
20050203,0
20050204,0
20050205,0
20050206,0
20050207,14
20050208,9
20050209,0
20050210,0
20050211,0
20050212,0
20050213,0
20050214,0
20050215,0
20050216,0
20050217,0
20050218,0
20050219,0
20050220,0
20050221,0
20050222,0
20050223,0
20050224,0
20050225,13
20050226,0
20050227,4
20050228,0
20050301,0
20050302,24
20050303,5
20050304,0
20050305,0
20050306,9
20050307,0
20050308,0
20050309,0
20050310,0
20050311,0
20050312,0
20050313,18
20050314,17
20050315,0
20050316,16
20050317,0
20050318,0
20050319,0
20050320,10
20050321,0
20050322,0
20050323,29
20050324,0
20050325,0
20050326,2
20050327,12
20050328,0
20050329,0
20050330,0
20050331,0
20050401,0
20050402,0
20050403,0
20050404,0
20050405,0
20050406,0
20050407,0
20050408,0
20050409,0
20050410,0
20050411,9
20050412,0
20050413,23
20050414,5
20050415,0
20050416,0
20050417,8
20050418,3
20050419,3
20050420,0
20050421,0
20050422,0
20050423,0
20050424,0
20050425,0
20050426,0
20050427,0
20050428,4
20050429,1
20050430,0
20050501,0
20050502,0
20050503,0
20050504,0
20050505,0
20050506,1
20050507,0
20050508,0
20050509,0
20050510,9
20050511,10
20050512,0
20050513,0
20050514,0
20050515,0
20050516,0
20050517,0
20050518,0
20050519,0
20050520,0
20050521,20
20050522,0
20050523,10
20050524,0
20050525,2
20050526,0
20050527,6
20050528,7
20050529,0
20050530,0
20050531,0
20050601,0
20050602,0
20050603,7
20050604,1
20050605,0
20050606,0
20050607,0
20050608,0
20050609,0
20050610,134
20050611,0
20050612,0
20050613,0
20050614,0
20050615,0
20050616,0
20050617,0
20050618,0
20050619,0
20050620,0
20050621,0
20050622,0
20050623,0
20050624,0
20050625,0
20050626,0
20050627,0
20050628,0
20050629,0
20050630,0
20050701,0
20050702,0
20050703,0
20050704,0
20050705,0
20050706,0
20050707,0
20050708,0
20050709,0
20050710,0
20050711,0
20050712,0
20050713,0
20050714,0
20050715,0
20050716,0
20050717,0
20050718,0
20050719,0
20050720,0
20050721,0
20050722,0
20050723,0
20050724,0
20050725,0
20050726,0
20050727,0
20050728,0
20050729,0
20050730,0
20050731,0
20050801,0
20050802,0
20050803,0
20050804,0
20050805,0
20050806,0
20050807,0
20050808,0
20050809,0
20050810,0
20050811,0
20050812,0
20050813,0
20050814,0
20050815,26
20050816,0
20050817,0
20050818,0
20050819,4
20050820,0
20050821,0
20050822,0
20050823,0
20050824,0
20050825,0
20050826,0
20050827,0
20050828,0
20050829,0
20050830,0
20050831,0
20050901,0
20050902,0
20050903,0
20050904,0
20050905,0
20050906,0
20050907,0
20050908,0
20050909,0
20050910,0
20050911,0
20050912,0
20050913,0
20050914,0
20050915,0
20050916,15
20050917,4
20050918,25
20050919,12
20050920,16
20050921,18
20050922,0
20050923,0
20050924,0
20050925,0
20050926,1
20050927,0
20050928,0
20050929,0
20050930,37
20051001,0
20051002,0
20051003,0
20051004,0
20051005,0
20051006,17
20051007,0
20051008,0
20051009,0
20051010,0
20051011,0
20051012,22
20051013,1
20051014,0
20051015,2
20051016,5
20051017,2
20051018,12
20051019,0
20051020,7
20051021,0
20051022,1
20051023,14
20051024,3
20051025,11
20051026,3
20051027,0
20051028,0
20051029,0
20051030,0
20051031,0
20051101,0
20051102,0
20051103,23
20051104,5
20051105,0
20051106,0
20051107,2
20051108,0
20051109,12
20051110,0
20051111,0
20051112,0
20051113,0
20051114,0
20051115,1
20051116,14
20051117,3
20051118,0
20051119,0
20051120,0
20051121,2
20051122,7
20051123,0
20051124,3
20051125,0
20051126,0
20051127,0
20051128,2
20051129,0
20051130,0
20051201,0
20051202,0
20051203,0
20051204,7
20051205,0
20051206,0
20051207,20
20051208,0
20051209,0
20051210,0
20051211,0
20051212,23
20051213,0
20051214,0
20051215,0
20051216,0
20051217,0
20051218,0
20051219,0
20051220,0
20051221,0
20051222,0
20051223,33
20051224,0
20051225,0
20051226,0
20051227,0
20051228,0
20051229,0
20051230,0
20051231,0
20060101,0
20060102,0
20060103,0
20060104,0
20060105,0
20060106,0
20060107,0
20060108,0
20060109,0
20060110,0
20060111,0
20060112,0
20060113,0
20060114,0
20060115,0
20060116,0
20060117,0
20060118,0
20060119,0
20060120,0
20060121,0
20060122,0
20060123,0
20060124,0
20060125,0
20060126,0
20060127,0
20060128,0
20060129,0
20060130,0
20060131,0
20060201,0
20060202,0
20060203,0
20060204,0
20060205,0
20060206,0
20060207,0
20060208,0
20060209,0
20060210,0
20060211,5
20060212,10
20060213,0
20060214,0
20060215,0
20060216,0
20060217,0
20060218,25
20060219,0
20060220,0
20060221,0
20060222,0
20060223,0
20060224,0
20060225,0
20060226,0
20060227,0
20060228,30
20060301,0
20060302,9
20060303,9
20060304,0
20060305,0
20060306,0
20060307,14
20060308,29
20060309,2
20060310,0
20060311,1
20060312,0
20060313,10
20060314,0
20060315,19
20060316,1
20060317,19
20060318,4
20060319,0
20060320,1
20060321,3
20060322,0
20060323,12
20060324,0
20060325,3
20060326,0
20060327,16
20060328,0
20060329,6
20060330,5
20060331,6
20060401,6
20060402,0
20060403,8
20060404,2
20060405,7
20060406,10
20060407,0
20060408,9
20060409,0
20060410,8
20060411,0
20060412,3
20060413,5
20060414,7
20060415,5
20060416,7
20060417,0
20060418,10
20060419,0
20060420,4
20060421,0
20060422,7
20060423,9
20060424,12
20060425,8
20060426,0
20060427,0
20060428,0
20060429,0
20060430,0
20060501,9
20060502,10
20060503,6
20060504,1
20060505,2
20060506,2
20060507,0
20060508,5
20060509,14
20060510,0
20060511,0
20060512,5
20060513,11
20060514,29
20060515,9
20060516,2
20060517,22
20060518,17
20060519,0
20060520,0
20060521,31
20060522,15
20060523,0
20060524,0
20060525,0
20060526,0
20060527,0
20060528,0
20060529,0
20060530,0
20060531,0
20060601,0
20060602,0
20060603,0
20060604,0
20060605,0
20060606,0
20060607,0
20060608,0
20060609,0
20060610,0
20060611,0
20060612,0
20060613,0
20060614,0
20060615,0
20060616,0
20060617,0
20060618,0
20060619,0
20060620,0
20060621,0
20060622,0
20060623,0
20060624,0
20060625,0
20060626,0
20060627,0
20060628,0
20060629,0
20060630,0
20060701,0
20060702,0
20060703,0
20060704,0
20060705,0
20060706,0
20060707,0
20060708,0
20060709,0
20060710,0
20060711,0
20060712,0
20060713,0
20060714,0
20060715,0
20060716,0
20060717,0
20060718,0
20060719,0
20060720,0
20060721,0
20060722,0
20060723,0
20060724,0
20060725,0
20060726,0
20060727,0
20060728,0
20060729,0
20060730,0
20060731,0
20060801,0
20060802,0
20060803,12
20060804,0
20060805,113
20060806,0
20060807,0
20060808,0
20060809,0
20060810,0
20060811,0
20060812,0
20060813,0
20060814,0
20060815,0
20060816,0
20060817,0
20060818,0
20060819,0
20060820,0
20060821,0
20060822,0
20060823,0
20060824,0
20060825,0
20060826,0
20060827,0
20060828,0
20060829,0
20060830,0
20060831,0
20060901,0
20060902,0
20060903,0
20060904,0
20060905,0
20060906,0
20060907,0
20060908,0
20060909,0
20060910,0
20060911,0
20060912,0
20060913,0
20060914,12
20060915,0
20060916,0
20060917,26
20060918,24
20060919,0
20060920,0
20060921,26
20060922,0
20060923,0
20060924,0
20060925,0
20060926,0
20060927,0
20060928,0
20060929,0
20060930,0
20061001,19
20061002,0
20061003,0
20061004,0
20061005,0
20061006,0
20061007,0
20061008,0
20061009,12
20061010,0
20061011,7
20061012,0
20061013,0
20061014,0
20061015,0
20061016,0
20061017,22
20061018,0
20061019,0
20061020,6
20061021,0
20061022,17
20061023,0
20061024,10
20061025,0
20061026,4
20061027,0
20061028,0
20061029,0
20061030,2
20061031,7
20061101,15
20061102,0
20061103,21
20061104,22
20061105,11
20061106,10
20061107,21
20061108,6
20061109,8
20061110,10
20061111,0
20061112,2
20061113,2
20061114,3
20061115,5
20061116,14
20061117,9
20061118,27
20061119,10
20061120,6
20061121,0
20061122,14
20061123,15
20061124,0
20061125,30
20061126,4
20061127,9
20061128,18
20061129,10
20061130,0
20061201,4
20061202,0
20061203,5
20061204,0
20061205,7
20061206,43
20061207,31
20061208,36
20061209,0
20061210,0
20061211,0
20061212,0
20061213,19
20061214,0
20061215,5
20061216,0
20061217,0
20061218,0
20061219,24
20061220,0
20061221,19
20061222,9
20061223,28
20061224,30
20061225,3
20061226,12
20061227,10
20061228,4
20061229,6
20061230,16
20061231,0
20070101,0
20070102,0
20070103,0
20070104,0
20070105,0
20070106,0
20070107,0
20070108,0
20070109,0
20070110,0
20070111,0
20070112,0
20070113,0
20070114,0
20070115,0
20070116,10
20070117,0
20070118,0
20070119,21
20070120,5
20070121,0
20070122,5
20070123,0
20070124,0
20070125,0
20070126,0
20070127,0
20070128,0
20070129,28
20070130,0
20070131,48
20070201,0
20070202,0
20070203,22
20070204,9
20070205,0
20070206,15
20070207,0
20070208,4
20070209,0
20070210,0
20070211,1
20070212,2
20070213,0
20070214,18
20070215,13
20070216,2
20070217,0
20070218,0
20070219,0
20070220,0
20070221,0
20070222,0
20070223,0
20070224,0
20070225,19
20070226,0
20070227,11
20070228,12
20070301,16
20070302,21
20070303,0
20070304,0
20070305,0
20070306,0
20070307,0
20070308,0
20070309,0
20070310,0
20070311,0
20070312,0
20070313,1
20070314,5
20070315,14
20070316,2
20070317,0
20070318,12
20070319,19
20070320,0
20070321,6
20070322,39
20070323,0
20070324,0
20070325,0
20070326,0
20070327,0
20070328,0
20070329,0
20070330,0
20070331,3
20070401,3
20070402,0
20070403,0
20070404,6
20070405,0
20070406,0
20070407,0
20070408,3
20070409,0
20070410,20
20070411,0
20070412,11
20070413,15
20070414,5
20070415,7
20070416,0
20070417,4
20070418,0
20070419,4
20070420,0
20070421,7
20070422,0
20070423,8
20070424,16
20070425,21
20070426,6
20070427,4
20070428,4
20070429,0
20070430,2
20070501,6
20070502,0
20070503,1
20070504,0
20070505,10
20070506,11
20070507,0
20070508,0
20070509,2
20070510,0
20070511,0
20070512,13
20070513,5
20070514,0
20070515,2
20070516,6
20070517,11
20070518,7
20070519,6
20070520,17
20070521,3
20070522,22
20070523,6
20070524,0
20070525,2
20070526,5
20070527,1
20070528,0
20070529,0
20070530,0
20070531,1
20070601,0
20070602,0
20070603,0
20070604,0
20070605,4
20070606,10
20070607,76
20070608,0
20070609,5
20070610,34
20070611,0
20070612,0
20070613,0
20070614,0
20070615,0
20070616,0
20070617,0
20070618,0
20070619,0
20070620,0
20070621,0
20070622,0
20070623,0
20070624,0
20070625,0
20070626,0
20070627,0
20070628,0
20070629,0
20070630,0
20070701,0
20070702,0
20070703,0
20070704,0
20070705,0
20070706,0
20070707,0
20070708,0
20070709,0
20070710,0
20070711,0
20070712,0
20070713,0
20070714,0
20070715,0
20070716,0
20070717,0
20070718,0
20070719,0
20070720,0
20070721,0
20070722,0
20070723,0
20070724,0
20070725,0
20070726,0
20070727,0
20070728,49
20070729,27
20070730,0
20070731,0
20070801,0
20070802,0
20070803,0
20070804,0
20070805,0
20070806,0
20070807,0
20070808,0
20070809,0
20070810,0
20070811,0
20070812,0
20070813,0
20070814,0
20070815,0
20070816,0
20070817,2
20070818,4
20070819,0
20070820,0
20070821,0
20070822,0
20070823,0
20070824,0
20070825,0
20070826,0
20070827,0
20070828,0
20070829,0
20070830,0
20070831,0
20070901,0
20070902,0
20070903,15
20070904,4
20070905,0
20070906,2
20070907,3
20070908,6
20070909,0
20070910,0
20070911,0
20070912,0
20070913,0
20070914,23
20070915,0
20070916,7
20070917,0
20070918,20
20070919,0
20070920,0
20070921,0
20070922,0
20070923,0
20070924,0
20070925,0
20070926,3
20070927,0
20070928,0
20070929,0
20070930,0
20071001,0
20071002,0
20071003,2
20071004,0
20071005,0
20071006,5
20071007,39
20071008,8
20071009,0
20071010,3
20071011,0
20071012,2
20071013,0
20071014,0
20071015,5
20071016,1
20071017,0
20071018,0
20071019,8
20071020,17
20071021,0
20071022,1
20071023,7
20071024,0
20071025,30
20071026,1
20071027,8
20071028,0
20071029,0
20071030,0
20071031,0
20071101,5
20071102,5
20071103,56
20071104,6
20071105,0
20071106,17
20071107,3
20071108,0
20071109,0
20071110,0
20071111,9
20071112,3
20071113,7
20071114,5
20071115,0
20071116,3
20071117,9
20071118,0
20071119,0
20071120,9
20071121,2
20071122,5
20071123,10
20071124,0
20071125,0
20071126,0
20071127,9
20071128,0
20071129,0
20071130,4
20071201,0
20071202,0
20071203,0
20071204,1
20071205,0
20071206,0
20071207,0
20071208,19
20071209,0
20071210,0
20071211,0
20071212,12
20071213,0
20071214,17
20071215,0
20071216,0
20071217,0
20071218,0
20071219,1
20071220,0
20071221,2
20071222,0
20071223,0
20071224,0
20071225,4
20071226,0
20071227,6
20071228,5
20071229,0
20071230,0
20071231,0
20080101,0
20080102,0
20080103,0
20080104,0
20080105,0
20080106,0
20080107,0
20080108,2
20080109,0
20080110,0
20080111,0
20080112,0
20080113,0
20080114,14
20080115,1
20080116,0
20080117,29
20080118,0
20080119,0
20080120,0
20080121,0
20080122,0
20080123,0
20080124,0
20080125,0
20080126,13
20080127,0
20080128,0
20080129,0
20080130,0
20080131,0
20080201,0
20080202,0
20080203,0
20080204,0
20080205,1
20080206,0
20080207,0
20080208,0
20080209,0
20080210,0
20080211,32
20080212,6
20080213,0
20080214,0
20080215,1
20080216,0
20080217,0
20080218,0
20080219,0
20080220,0
20080221,0
20080222,0
20080223,0
20080224,0
20080225,27
20080226,0
20080227,0
20080228,0
20080229,0
20080301,11
20080302,0
20080303,0
20080304,0
20080305,0
20080306,0
20080307,11
20080308,0
20080309,2
20080310,9
20080311,0
20080312,0
20080313,0
20080314,0
20080315,4
20080316,0
20080317,11
20080318,0
20080319,0
20080320,0
20080321,1
20080322,15
20080323,0
20080324,0
20080325,10
20080326,21
20080327,10
20080328,0
20080329,0
20080330,0
20080331,27
20080401,17
20080402,0
20080403,0
20080404,0
20080405,0
20080406,0
20080407,0
20080408,0
20080409,11
20080410,0
20080411,0
20080412,0
20080413,16
20080414,0
20080415,11
20080416,1
20080417,0
20080418,0
20080419,0
20080420,0
20080421,0
20080422,7
20080423,0
20080424,0
20080425,1
20080426,0
20080427,0
20080428,0
20080429,0
20080430,0
20080501,0
20080502,0
20080503,0
20080504,0
20080505,0
20080506,0
20080507,0
20080508,0
20080509,0
20080510,16
20080511,0
20080512,0
20080513,19
20080514,0
20080515,0
20080516,0
20080517,0
20080518,0
20080519,0
20080520,7
20080521,0
20080522,0
20080523,24
20080524,0
20080525,0
20080526,0
20080527,0
20080528,0
20080529,0
20080530,0
20080531,0
20080601,6
20080602,0
20080603,0
20080604,0
20080605,0
20080606,37
20080607,15
20080608,0
20080609,0
20080610,0
20080611,0
20080612,0
20080613,0
20080614,0
20080615,0
20080616,0
20080617,0
20080618,0
20080619,0
20080620,0
20080621,0
20080622,0
20080623,0
20080624,0
20080625,0
20080626,0
20080627,0
20080628,0
20080629,0
20080630,0
20080701,0
20080702,0
20080703,0
20080704,0
20080705,3
20080706,1
20080707,0
20080708,0
20080709,0
20080710,0
20080711,0
20080712,0
20080713,0
20080714,0
20080715,0
20080716,0
20080717,0
20080718,0
20080719,0
20080720,0
20080721,0
20080722,0
20080723,0
20080724,0
20080725,0
20080726,0
20080727,0
20080728,0
20080729,0
20080730,0
20080731,0
20080801,0
20080802,0
20080803,0
20080804,0
20080805,1
20080806,0
20080807,0
20080808,0
20080809,0
20080810,0
20080811,0
20080812,0
20080813,0
20080814,0
20080815,0
20080816,0
20080817,0
20080818,0
20080819,0
20080820,0
20080821,0
20080822,0
20080823,0
20080824,0
20080825,0
20080826,0
20080827,0
20080828,1
20080829,0
20080830,0
20080831,0
20080901,0
20080902,0
20080903,0
20080904,0
20080905,0
20080906,0
20080907,0
20080908,0
20080909,0
20080910,0
20080911,1
20080912,7
20080913,0
20080914,0
20080915,0
20080916,0
20080917,0
20080918,0
20080919,0
20080920,7
20080921,0
20080922,1
20080923,13
20080924,0
20080925,3
20080926,0
20080927,5
20080928,3
20080929,0
20080930,0
20081001,0
20081002,0
20081003,8
20081004,11
20081005,0
20081006,0
20081007,0
20081008,0
20081009,0
20081010,0
20081011,8
20081012,2
20081013,0
20081014,0
20081015,4
20081016,0
20081017,0
20081018,3
20081019,0
20081020,7
20081021,0
20081022,4
20081023,2
20081024,0
20081025,0
20081026,4
20081027,2
20081028,1
20081029,2
20081030,0
20081031,0
20081101,0
20081102,23
20081103,0
20081104,2
20081105,13
20081106,9
20081107,3
20081108,2
20081109,4
20081110,13
20081111,1
20081112,0
20081113,2
20081114,0
20081115,5
20081116,0
20081117,0
20081118,10
20081119,2
20081120,0
20081121,0
20081122,0
20081123,0
20081124,0
20081125,0
20081126,0
20081127,0
20081128,0
20081129,15
20081130,0
20081201,0
20081202,13
20081203,0
20081204,9
20081205,0
20081206,0
20081207,0
20081208,0
20081209,0
20081210,15
20081211,0
20081212,0
20081213,0
20081214,0
20081215,0
20081216,4
20081217,0
20081218,0
20081219,8
20081220,0
20081221,0
20081222,0
20081223,0
20081224,0
20081225,0
20081226,0
20081227,23
20081228,0
20081229,7
20081230,0
20081231,3
20090101,0
20090102,0
20090103,0
20090104,0
20090105,1
20090106,1
20090107,16
20090108,2
20090109,20
20090110,0
20090111,0
20090112,0
20090113,0
20090114,1
20090115,0
20090116,0
20090117,18
20090118,0
20090119,0
20090120,0
20090121,0
20090122,0
20090123,0
20090124,0
20090125,9
20090126,0
20090127,0
20090128,19
20090129,9
20090130,4
20090131,4
20090201,0
20090202,31
20090203,0
20090204,57
20090205,4
20090206,19
20090207,0
20090208,0
20090209,0
20090210,0
20090211,6
20090212,0
20090213,5
20090214,0
20090215,0
20090216,2
20090217,0
20090218,23
20090219,1
20090220,0
20090221,0
20090222,0
20090223,5
20090224,1
20090225,19
20090226,4
20090227,16
20090228,0
20090301,8
20090302,7
20090303,0
20090304,0
20090305,12
20090306,0
20090307,0
20090308,0
20090309,0
20090310,0
20090311,13
20090312,0
20090313,0
20090314,0
20090315,0
20090316,0
20090317,0
20090318,5
20090319,0
20090320,0
20090321,0
20090322,12
20090323,0
20090324,6
20090325,0
20090326,0
20090327,0
20090328,0
20090329,0
20090330,0
20090331,34
20090401,0
20090402,16
20090403,4
20090404,0
20090405,6
20090406,0
20090407,0
20090408,0
20090409,0
20090410,0
20090411,3
20090412,0
20090413,0
20090414,0
20090415,0
20090416,0
20090417,0
20090418,0
20090419,0
20090420,0
20090421,1
20090422,1
20090423,0
20090424,0
20090425,0
20090426,0
20090427,0
20090428,12
20090429,0
20090430,0
20090501,0
20090502,0
20090503,0
20090504,0
20090505,0
20090506,7
20090507,12
20090508,0
20090509,2
20090510,0
20090511,2
20090512,5
20090513,0
20090514,7
20090515,4
20090516,2
20090517,4
20090518,7
20090519,0
20090520,0
20090521,0
20090522,0
20090523,0
20090524,0
20090525,0
20090526,0
20090527,14
20090528,0
20090529,0
20090530,0
20090531,13
20090601,0
20090602,0
20090603,0
20090604,0
20090605,0
20090606,0
20090607,0
20090608,0
20090609,0
20090610,0
20090611,0
20090612,0
20090613,0
20090614,0
20090615,0
20090616,0
20090617,0
20090618,0
20090619,0
20090620,0
20090621,0
20090622,0
20090623,0
20090624,0
20090625,0
20090626,0
20090627,0
20090628,0
20090629,0
20090630,0
20090701,0
20090702,0
20090703,0
20090704,0
20090705,0
20090706,0
20090707,0
20090708,0
20090709,0
20090710,0
20090711,0
20090712,0
20090713,0
20090714,0
20090715,0
20090716,0
20090717,0
20090718,0
20090719,0
20090720,0
20090721,0
20090722,0
20090723,0
20090724,0
20090725,0
20090726,0
20090727,0
20090728,0
20090729,0
20090730,0
20090731,0
20090801,0
20090802,0
20090803,0
20090804,0
20090805,0
20090806,0
20090807,0
20090808,0
20090809,0
20090810,0
20090811,0
20090812,0
20090813,0
20090814,0
20090815,16.5
20090816,0
20090817,0
20090818,0
20090819,0
20090820,0
20090821,2.9
20090822,2
20090823,0
20090824,0
20090825,0
20090826,0
20090827,0
20090828,0
20090829,0
20090830,0
20090831,0
20090901,0
20090902,0
20090903,0
20090904,0
20090905,0
20090906,0
20090907,0
20090908,0
20090909,0
20090910,0
20090911,0
20090912,0
20090913,10
20090914,0
20090915,4
20090916,0
20090917,0
20090918,0
20090919,4
20090920,3
20090921,1
20090922,1
20090923,0
20090924,0
20090925,0
20090926,0
20090927,0
20090928,0
20090929,3
20090930,0
20091001,0
20091002,0
20091003,8
20091004,0
20091005,7
20091006,0
20091007,8
20091008,0
20091009,16
20091010,0
20091011,0
20091012,0
20091013,0
20091014,0
20091015,6
20091016,1
20091017,0
20091018,0
20091019,0
20091020,0
20091021,0
20091022,0
20091023,3
20091024,5
20091025,3
20091026,3
20091027,0
20091028,0
20091029,3
20091030,7
20091031,2
20091101,4
20091102,1
20091103,14
20091104,0
20091105,5
20091106,0
20091107,0
20091108,8
20091109,0
20091110,0
20091111,3
20091112,0
20091113,28
20091114,1
20091115,6
20091116,9
20091117,0
20091118,1
20091119,4
20091120,1
20091121,0
20091122,1
20091123,0
20091124,0
20091125,1
20091126,2
20091127,0
20091128,0
20091129,0
20091130,0
20091201,0
20091202,0
20091203,0
20091204,3
20091205,6
20091206,3
20091207,0
20091208,0
20091209,0
20091210,4
20091211,0
20091212,0
20091213,0
20091214,0
20091215,1
20091216,1
20091217,0
20091218,0
20091219,0
20091220,0
20091221,0
20091222,0
20091223,0
20091224,0
20091225,5
20091226,5
20091227,0
20091228,0
20091229,2
20091230,0
20091231,0
20100101,5
20100102,3
20100103,0
20100104,0
20100105,0
20100106,3
20100107,0
20100108,0
20100109,0
20100110,19
20100111,11
20100112,0
20100113,0
20100114,30
20100115,0
20100116,0
20100117,0
20100118,0
20100119,0
20100120,1
20100121,0
20100122,0
20100123,7
20100124,2
20100125,0
20100126,0
20100127,0
20100128,0
20100129,0
20100130,0
20100131,0
20100201,0
20100202,0
20100203,0
20100204,7
20100205,7
20100206,0
20100207,0
20100208,0
20100209,43
20100210,0
20100211,0
20100212,0
20100213,0
20100214,1
20100215,18
20100216,18
20100217,0
20100218,0
20100219,8
20100220,0
20100221,7
20100222,2
20100223,0
20100224,67
20100225,1
20100226,26
20100227,0
20100228,5
20100301,19
20100302,1
20100303,4
20100304,0
20100305,15
20100306,3
20100307,0
20100308,1
20100309,0
20100310,0
20100311,0
20100312,0
20100313,0
20100314,0
20100315,0
20100316,0
20100317,0
20100318,4
20100319,2
20100320,0
20100321,0
20100322,0
20100323,0
20100324,0
20100325,0
20100326,0
20100327,0
20100328,0
20100329,0
20100330,0
20100331,0
20100401,3.4
20100402,5.2
20100403,5.3
20100404,3.6
20100405,0
20100406,0
20100407,0
20100408,8.4
20100409,10
20100410,1
20100411,0
20100412,0.4
20100413,0
20100414,8.6
20100415,5.8
20100416,0
20100417,7.8
20100418,4.2
20100419,1.7
20100420,0
20100421,0.3
20100422,0
20100423,0
20100424,0
20100425,0
20100426,0
20100427,12.5
20100428,0
20100429,17.1
20100430,23.9
20100501,13.9
20100502,0.5
20100503,3
20100504,2.6
20100505,0.5
20100506,1
20100507,0
20100508,0
20100509,1.1
20100510,8.6
20100511,0
20100512,2
20100513,0.3
20100514,2.3
20100515,0.3
20100516,2
20100517,0.7
20100518,0
20100519,0
20100520,0
20100521,0
20100522,0
20100523,0
20100524,0
20100525,6.2
20100526,0
20100527,0
20100528,0
20100529,0
20100530,0
20100531,0
20100601,0
20100602,0.2
20100603,20.6
20100604,0
20100605,0.8
20100606,0.3
20100607,0
20100608,0
20100609,0
20100610,0
20100611,0
20100612,0
20100613,0
20100614,0
20100615,0
20100616,0
20100617,0
20100618,0
20100619,0
20100620,0
20100621,0
20100622,0
20100623,0
20100624,0
20100625,0
20100626,0
20100627,0
20100628,0
20100629,0
20100630,0
20100701,0
20100702,0
20100703,0
20100704,0
20100705,0
20100706,0
20100707,0
20100708,0
20100709,0
20100710,0
20100711,0
20100712,0
20100713,0
20100714,0
20100715,0
20100716,0
20100717,0
20100718,0
20100719,0
20100720,0
20100721,0
20100722,0
20100723,0
20100724,0
20100725,0
20100726,0
20100727,0
20100728,0
20100729,0
20100730,0
20100731,0
20100801,0
20100802,0
20100803,0
20100804,0
20100805,0
20100806,0
20100807,0
20100808,0
20100809,0
20100810,0
20100811,0
20100812,0
20100813,0
20100814,0
20100815,0
20100816,0
20100817,0
20100818,0
20100819,0
20100820,0
20100821,0
20100822,0
20100823,0
20100824,0
20100825,0
20100826,0
20100827,0
20100828,0
20100829,0
20100830,0
20100831,0
20100901,0
20100902,0
20100903,0
20100904,0
20100905,20
20100906,4
20100907,1
20100908,0
20100909,5
20100910,0
20100911,0
20100912,1
20100913,0
20100914,0
20100915,0
20100916,1
20100917,0
20100918,2
20100919,0
20100920,0
20100921,2
20100922,1
20100923,2
20100924,0
20100925,0
20100926,0
20100927,0
20100928,7
20100929,0
20100930,0
20101001,0
20101002,0
20101003,0
20101004,0
20101005,0
20101006,0
20101007,0
20101008,3
20101009,0
20101010,8
20101011,10
20101012,0
20101013,11
20101014,0
20101015,0
20101016,0
20101017,0
20101018,0
20101019,0
20101020,0
20101021,0
20101022,1
20101023,1
20101024,8
20101025,0
20101026,0
20101027,11
20101028,0
20101029,0
20101030,3
20101031,0
20101101,1.6
20101102,0
20101103,0.5
20101104,1.4
20101105,0.8
20101106,0
20101107,0
20101108,7
20101109,0
20101110,0.3
20101111,1.1
20101112,6.9
20101113,1.5
20101114,1.2
20101115,0
20101116,0
20101117,0.3
20101118,4.5
20101119,9.2
20101120,0.2
20101121,0
20101122,3.2
20101123,0
20101124,0
20101125,0
20101126,1.6
20101127,0.1
20101128,0
20101129,0
20101130,0
20101201,0
20101202,0
20101203,0
20101204,0
20101205,0
20101206,1
20101207,1
20101208,2
20101209,1
20101210,5
20101211,3
20101212,0
20101213,5
20101214,0
20101215,0
20101216,0
20101217,0
20101218,0
20101219,0
20101220,0
20101221,23
20101222,1
20101223,0
20101224,19
20101225,1
20101226,0
20101227,0
20101228,1
20101229,0
20101230,0
20101231,1
20110101,0
20110102,0
20110103,0
20110104,0.3
20110105,1.1
20110106,20.5
20110107,0
20110108,2
20110109,0
20110110,8.1
20110111,0
20110112,1.7
20110113,0
20110114,0
20110115,0
20110116,0
20110117,0
20110118,1.7
20110119,0
20110120,0.1
20110121,0
20110122,0
20110123,0
20110124,0
20110125,0.3
20110126,0
20110127,0
20110128,0
20110129,2.8
20110130,0
20110131,11.5
20110201,3
20110202,0
20110203,7
20110204,2
20110205,0
20110206,0
20110207,0
20110208,0
20110209,0
20110210,0
20110211,15
20110212,5
20110213,1
20110214,1
20110215,16
20110216,0
20110217,1
20110218,0
20110219,13
20110220,10
20110221,0
20110222,0
20110223,0
20110224,6
20110225,0
20110226,0
20110227,14
20110228,0
20110301,0
20110302,0
20110303,3
20110304,1
20110305,0
20110306,3
20110307,0
20110308,0
20110309,0
20110310,16
20110311,0
20110312,0
20110313,0
20110314,0
20110315,7
20110316,0
20110317,0
20110318,0
20110319,4
20110320,0
20110321,6
20110322,0
20110323,0
20110324,0
20110325,0
20110326,7
20110327,0
20110328,0
20110329,9
20110330,0
20110331,0
20110401,6.3
20110402,68.3
20110403,1.9
20110404,1.7
20110405,0
20110406,0
20110407,12.4
20110408,0
20110409,1
20110410,6.5
20110411,9.7
20110412,0.1
20110413,0
20110414,0
20110415,3.1
20110416,9.1
20110417,8.7
20110418,0.2
20110419,8
20110420,1.4
20110421,0
20110422,1.4
20110423,0
20110424,0
20110425,1.3
20110426,45.7
20110427,0.3
20110428,51.9
20110429,1.4
20110430,0.3
20110501,0
20110502,2
20110503,0
20110504,4
20110505,4
20110506,1
20110507,0
20110508,0
20110509,0
20110510,5
20110511,4
20110512,5
20110513,0
20110514,0
20110515,0
20110516,0
20110517,0
20110518,0
20110519,4
20110520,2
20110521,2
20110522,1
20110523,0
20110524,0
20110525,0
20110526,0
20110527,1
20110528,0
20110529,0
20110530,0
20110531,0
20110601,0
20110602,0
20110603,0
20110604,0
20110605,0
20110606,0
20110607,0
20110608,0
20110609,0
20110610,0
20110611,8
20110612,0
20110613,0
20110614,0
20110615,0
20110616,0
20110617,0
20110618,0
20110619,0
20110620,0
20110621,0
20110622,0
20110623,3
20110624,0
20110625,0
20110626,2
20110627,5
20110628,9
20110629,0
20110630,0
20110701,0
20110702,0
20110703,0
20110704,0
20110705,0
20110706,0
20110707,0
20110708,0
20110709,0
20110710,0
20110711,0
20110712,0
20110713,0
20110714,0
20110715,0
20110716,0
20110717,0
20110718,0
20110719,0
20110720,0
20110721,0
20110722,0
20110723,0
20110724,0
20110725,0
20110726,0
20110727,0
20110728,0
20110729,1
20110730,0
20110731,0
20110801,0
20110802,0
20110803,0
20110804,0
20110805,0
20110806,0
20110807,0
20110808,0
20110809,0
20110810,0
20110811,0
20110812,0
20110813,4
20110814,0
20110815,2
20110816,10
20110817,0
20110818,0
20110819,0
20110820,0
20110821,9
20110822,0
20110823,0
20110824,0
20110825,0
20110826,7
20110827,0
20110828,0
20110829,0
20110830,0
20110831,0
20110901,0
20110902,0
20110903,0
20110904,1
20110905,3
20110906,0
20110907,0
20110908,0
20110909,0
20110910,4
20110911,0
20110912,0
20110913,0
20110914,0
20110915,0
20110916,0
20110917,6
20110918,6
20110919,1
20110920,0
20110921,0
20110922,2
20110923,0
20110924,1
20110925,25
20110926,0
20110927,0
20110928,0
20110929,3
20110930,1
20111001,0
20111002,7
20111003,4
20111004,0
20111005,4
20111006,20
20111007,6
20111008,0
20111009,0
20111010,0
20111011,0
20111012,0
20111013,6
20111014,41
20111015,0
20111016,2
20111017,1
20111018,2
20111019,0
20111020,0
20111021,5
20111022,0
20111023,0
20111024,0
20111025,0
20111026,3
20111027,8
20111028,0
20111029,0
20111030,7
20111031,0
20111101,1
20111102,0
20111103,0
20111104,0
20111105,5
20111106,0
20111107,0
20111108,7
20111109,8
20111110,0
20111111,0
20111112,1
20111113,0
20111114,3
20111115,0
20111116,1
20111117,0
20111118,2
20111119,4
20111120,1
20111121,10
20111122,0
20111123,6
20111124,0
20111125,0
20111126,0
20111127,5
20111128,0
20111129,4
20111130,6
20111201,1.4
20111202,0
20111203,8.2
20111204,0.9
20111205,7.1
20111206,0.8
20111207,0.1
20111208,0
20111209,0
20111210,1.2
20111211,0
20111212,0
20111213,29.8
20111214,2.4
20111215,3
20111216,0
20111217,1.7
20111218,0
20111219,2.9
20111220,4.9
20111221,0
20111222,1.2
20111223,2.9
20111224,0.2
20111225,0
20111226,0
20111227,0
20111228,9.1
20111229,4.7
20111230,27.9
20111231,2
20120101,0
20120102,0
20120103,0
20120104,0
20120105,0
20120106,0
20120107,0
20120108,0
20120109,0
20120110,0
20120111,0
20120112,13.5
20120113,2.2
20120114,0
20120115,0.4
20120116,0
20120117,0
20120118,0
20120119,0
20120120,0
20120121,0
20120122,0
20120123,0
20120124,0
20120125,0
20120126,0
20120127,0
20120128,0
20120129,0
20120130,0
20120131,0
20120201,0
20120202,0
20120203,0
20120204,0
20120205,0
20120206,0
20120207,0
20120208,0
20120209,0
20120210,0
20120211,0
20120212,0
20120213,1
20120214,2.2
20120215,0
20120216,0
20120217,6.1
20120218,2.5
20120219,5.2
20120220,0
20120221,0
20120222,0
20120223,50.5
20120224,4
20120225,0
20120226,3
20120227,12.2
20120228,0
20120229,0
20120301,19
20120302,0
20120303,5.6
20120304,0
20120305,0
20120306,0.5
20120307,0
20120308,0
20120309,0
20120310,0
20120311,0
20120312,0.5
20120313,0
20120314,0
20120315,0
20120316,0
20120317,0
20120318,10.6
20120319,0
20120320,0
20120321,0
20120322,0
20120323,2.1
20120324,0
20120325,0.2
20120326,0.8
20120327,0
20120328,0
20120329,0.4
20120330,2.2
20120331,33.5
20120401,7.1
20120402,0.4
20120403,0
20120404,4.3
20120405,10.7
20120406,1.3
20120407,0.5
20120408,0
20120409,10.4
20120410,0
20120411,0
20120412,0
20120413,12.2
20120414,16.2
20120415,5.3
20120416,1.4
20120417,0
20120418,0
20120419,13.9
20120420,0
20120421,11.4
20120422,1
20120423,6.2
20120424,3.4
20120425,0
20120426,0
20120427,0
20120428,0.8
20120429,25.6
20120430,4.9
20120501,25
20120502,1.5
20120503,3.7
20120504,36.8
20120505,0
20120506,8.1
20120507,23.2
20120508,7.9
20120509,3.4
20120510,7.4
20120511,13.1
20120512,0
20120513,1.9
20120514,0
20120515,19.3
20120516,1
20120517,0.8
20120518,0
20120519,0
20120520,2.4
20120521,0
20120522,1
20120523,0
20120524,0.5
20120525,0
20120526,0.3
20120527,14.3
20120528,6
20120529,0
20120530,0
20120531,0
20120601,0
20120602,0
20120603,0
20120604,0
20120605,0
20120606,0
20120607,0.7
20120608,0.6
20120609,0.8
20120610,0
20120611,0
20120612,0
20120613,0
20120614,0
20120615,0
20120616,0
20120617,0
20120618,0
20120619,0
20120620,0
20120621,0
20120622,0
20120623,0
20120624,0
20120625,0
20120626,0
20120627,0
20120628,0
20120629,0
20120630,0
20120701,0
20120702,0
20120703,0
20120704,0
20120705,0
20120706,0
20120707,0
20120708,0
20120709,0
20120710,0
20120711,0
20120712,0
20120713,0
20120714,0
20120715,0
20120716,0
20120717,0
20120718,0
20120719,0
20120720,0
20120721,0
20120722,0
20120723,0
20120724,0
20120725,0
20120726,0
20120727,0
20120728,0
20120729,0
20120730,0
20120731,0
20120801,0
20120802,0
20120803,0
20120804,0
20120805,0
20120806,0
20120807,1.8
20120808,2
20120809,1.8
20120810,0
20120811,0
20120812,0
20120813,0
20120814,0
20120815,0
20120816,0
20120817,0
20120818,0
20120819,0.2
20120820,1.8
20120821,0
20120822,0
20120823,0
20120824,0
20120825,0
20120826,4
20120827,0.5
20120828,0
20120829,1.6
20120830,0
20120831,0
20120901,0
20120902,1
20120903,0
20120904,0
20120905,0
20120906,0
20120907,0
20120908,4
20120909,0
20120910,0
20120911,5
20120912,0
20120913,6
20120914,5
20120915,3
20120916,0
20120917,0
20120918,0
20120919,2
20120920,0
20120921,0
20120922,0
20120923,0
20120924,5
20120925,5
20120926,0
20120927,0
20120928,0
20120929,0
20120930,0
20121001,0
20121002,0
20121003,0
20121004,0.7
20121005,0
20121006,0.7
20121007,0
20121008,3.2
20121009,0
20121010,8.7
20121011,13.2
20121012,0
20121013,11.1
20121014,0
20121015,0
20121016,0.9
20121017,0
20121018,0.6
20121019,0
20121020,0.4
20121021,8.4
20121022,1.6
20121023,1.2
20121024,23
20121025,8.7
20121026,0
20121027,11
20121028,0
20121029,0
20121030,3
20121031,0
20121101,31.2
20121102,0.2
20121103,0
20121104,17.6
20121105,1.3
20121106,0
20121107,0
20121108,0
20121109,14.7
20121110,0
20121111,10.4
20121112,0.2
20121113,0.1
20121114,0.6
20121115,0
20121116,0.2
20121117,25.8
20121118,4.7
20121119,12.6
20121120,20.5
20121121,49.3
20121122,0
20121123,0.6
20121124,0
20121125,11.6
20121126,11
20121127,0
20121128,9.7
20121129,12.8
20121130,0
20121201,0
20121202,0
20121203,1.2
20121204,3.1
20121205,0.9
20121206,1.7
20121207,2.9
20121208,0
20121209,0
20121210,1.8
20121211,0.4
20121212,6.5
20121213,6.2
20121214,0
20121215,7
20121216,0
20121217,0
20121218,22.8
20121219,0
20121220,0
20121221,0
20121222,0.1
20121223,0.6
20121224,0
20121225,10.1
20121226,0
20121227,0.6
20121228,2.9
20121229,0.2
20121230,0.4
20121231,0
20130101,0
20130102,0
20130103,1
20130104,3
20130105,1
20130106,0
20130107,1
20130108,15
20130109,0
20130110,0
20130111,0
20130112,3
20130113,3
20130114,0
20130115,0
20130116,0
20130117,6
20130118,0
20130119,30
20130120,0
20130121,0
20130122,0
20130123,0
20130124,0
20130125,0
20130126,0
20130127,1
20130128,0
20130129,0
20130130,0
20130131,0
20130201,0
20130202,30.3
20130203,0
20130204,0
20130205,0
20130206,0
20130207,0
20130208,0
20130209,9
20130210,0
20130211,17.6
20130212,2
20130213,7
20130214,4.3
20130215,0
20130216,0
20130217,0
20130218,0
20130219,11.8
20130220,0
20130221,0
20130222,3
20130223,55.4
20130224,0
20130225,0
20130226,0
20130227,0
20130228,0
20130301,0
20130302,1.7
20130303,7.3
20130304,5.7
20130305,0
20130306,5.7
20130307,0
20130308,0
20130309,42.2
20130310,0
20130311,35.4
20130312,8.6
20130313,0
20130314,10.8
20130315,8
20130316,0
20130317,0
20130318,11.1
20130319,0
20130320,9
20130321,35
20130322,26.9
20130323,11.2
20130324,71
20130325,45
20130326,18.9
20130327,29
20130328,35
20130329,0
20130330,16.4
20130331,45
20130401,0
20130402,0
20130403,0
20130404,0
20130405,0
20130406,0
20130407,11
20130408,9.9
20130409,2
20130410,27.1
20130411,16.7
20130412,4.5
20130413,9.1
20130414,33
20130415,22.4
20130416,9
20130417,6.1
20130418,0
20130419,0
20130420,2
20130421,0
20130422,0
20130423,0
20130424,0
20130425,4.7
20130426,0
20130427,29
20130428,7.7
20130429,0
20130430,0
20130501,0.1
20130502,1.4
20130503,12.6
20130504,1.4
20130505,5
20130506,1
20130507,0
20130508,0
20130509,16
20130510,17.3
20130511,4.4
20130512,0
20130513,0
20130514,0
20130515,0
20130516,0
20130517,0
20130518,0
20130519,0
20130520,0
20130521,3
20130522,0
20130523,5
20130524,0
20130525,0
20130526,0
20130527,0
20130528,0
20130529,0
20130530,0
20130531,1.2
20130601,0
20130602,0
20130603,0
20130604,0
20130605,0
20130606,0
20130607,0
20130608,0
20130609,0
20130610,0
20130611,0
20130612,0
20130613,0
20130614,0
20130615,0
20130616,0
20130617,0
20130618,0
20130619,0
20130620,0
20130621,0
20130622,0
20130623,0
20130624,0
20130625,0
20130626,0
20130627,0
20130628,0
20130629,0
20130630,0
20130701,0
20130702,0
20130703,0
20130704,0
20130705,0
20130706,0
20130707,0
20130708,0
20130709,0
20130710,0
20130711,0
20130712,0
20130713,0
20130714,0
20130715,0
20130716,0
20130717,0
20130718,0
20130719,0
20130720,0
20130721,0
20130722,0
20130723,0
20130724,0
20130725,0
20130726,0
20130727,0
20130728,0
20130729,0
20130730,0
20130731,0
20130801,0
20130802,0
20130803,0
20130804,0
20130805,0
20130806,0
20130807,0
20130808,0
20130809,0
20130810,0
20130811,0
20130812,0
20130813,0
20130814,0
20130815,1.3
20130816,0
20130817,7.5
20130818,0
20130819,0
20130820,0
20130821,0
20130822,0
20130823,0
20130824,0
20130825,0
20130826,0
20130827,0
20130828,0
20130829,0
20130830,0
20130831,11.5
20130901,5
20130902,2
20130903,0
20130904,0
20130905,0
20130906,0
20130907,0
20130908,0
20130909,4
20130910,4
20130911,0
20130912,0
20130913,0
20130914,2
20130915,0
20130916,0
20130917,0
20130918,9
20130919,2
20130920,4
20130921,0
20130922,22
20130923,0
20130924,0
20130925,2
20130926,0
20130927,0
20130928,3
20130929,6
20130930,0
20131001,0
20131002,0
20131003,0
20131004,0
20131005,0
20131006,0
20131007,0
20131008,0
20131009,0
20131010,0
20131011,0
20131012,0
20131013,0
20131014,1.3
20131015,0
20131016,7.5
20131017,0
20131018,0
20131019,0
20131020,0
20131021,0
20131022,0
20131023,0
20131024,0
20131025,0
20131026,0
20131027,0
20131028,0
20131029,0
20131030,0
20131031,0
20131101,0
20131102,0
20131103,0
20131104,9.4
20131105,20.9
20131106,7.2
20131107,2.6
20131108,14.8
20131109,3
20131110,1.4
20131111,5.7
20131112,0
20131113,0
20131114,15.2
20131115,0
20131116,3.1
20131117,0
20131118,0
20131119,0
20131120,0
20131121,16.5
20131122,5.1
20131123,3.6
20131124,10.7
20131125,0.2
20131126,0
20131127,1
20131128,0
20131129,3.8
20131130,0
20131201,0.5
20131202,0.8
20131203,0.4
20131204,0
20131205,2.5
20131206,0.5
20131207,1
20131208,7.3
20131209,3.4
20131210,50.4
20131211,0.3
20131212,7.7
20131213,0.2
20131214,6.6
20131215,0
20131216,4.4
20131217,117.4
20131218,2.8
20131219,0.2
20131220,0
20131221,2.8
20131222,1.9
20131223,0
20131224,0
20131225,0
20131226,0
20131227,0
20131228,0.8
20131229,1.2
20131230,6.5
20131231,0.3
20140101,0
20140102,0
20140103,0
20140104,0
20140105,0
20140106,0
20140107,0
20140108,0
20140109,0
20140110,0
20140111,0
20140112,0
20140113,0
20140114,0
20140115,0
20140116,0
20140117,0.9
20140118,0
20140119,0.3
20140120,25
20140121,0
20140122,0
20140123,2.4
20140124,0
20140125,0.8
20140126,0.3
20140127,0
20140128,0
20140129,0
20140130,0
20140131,0
20140201,4.8
20140202,0
20140203,0
20140204,10.9
20140205,17.9
20140206,0.2
20140207,0.1
20140208,0.2
20140209,1.8
20140210,0
20140211,24
20140212,0
20140213,1.2
20140214,0
20140215,0
20140216,0
20140217,0
20140218,0
20140219,0
20140220,2.9
20140221,0
20140222,0
20140223,2.5
20140224,8.1
20140225,0.7
20140226,6.1
20140227,0
20140228,0
20140301,0
20140302,0.7
20140303,0
20140304,0
20140305,0.5
20140306,0.2
20140307,1.9
20140308,0
20140309,0
20140310,0
20140311,8.2
20140312,0.7
20140313,0
20140314,0.5
20140315,2.5
20140316,0.5
20140317,2.2
20140318,1.5
20140319,8.9
20140320,0
20140321,0
20140322,0
20140323,5.6
20140324,19.4
20140325,1
20140326,0.5
20140327,0.5
20140328,38.1
20140329,0
20140330,0.6
20140331,0
20140401,14.6
20140402,0
20140403,0
20140404,0
20140405,2.8
20140406,18.6
20140407,0
20140408,10
20140409,0
20140410,33.1
20140411,8.8
20140412,7.7
20140413,3.8
20140414,3.3
20140415,0.5
20140416,11.3
20140417,13.4
20140418,14.1
20140419,2.9
20140420,3.2
20140421,1.5
20140422,1.9
20140423,5
20140424,0
20140425,1.7
20140426,0.8
20140427,26.2
20140428,16.4
20140429,0
20140430,0
20140501,0
20140502,0.3
20140503,1.3
20140504,0
20140505,0
20140506,0
20140507,0.3
20140508,0.9
20140509,0
20140510,0
20140511,1.4
20140512,7.4
20140513,0
20140514,0
20140515,0
20140516,1.2
20140517,11.3
20140518,0
20140519,0
20140520,0
20140521,0.2
20140522,0
20140523,0
20140524,0
20140525,0
20140526,0
20140527,0
20140528,0
20140529,0
20140530,0
20140531,0
20140601,0
20140602,0
20140603,0
20140604,0
20140605,0
20140606,30.3
20140607,0
20140608,0
20140609,0
20140610,0
20140611,0
20140612,0
20140613,1
20140614,0
20140615,1
20140616,0.8
20140617,6.8
20140618,4.8
20140619,11
20140620,0
20140621,0
20140622,0
20140623,0
20140624,0
20140625,0
20140626,0
20140627,0
20140628,0
20140629,0
20140630,0
20140701,0
20140702,0
20140703,0
20140704,0
20140705,0
20140706,0
20140707,0
20140708,0
20140709,0
20140710,0
20140711,0
20140712,0
20140713,0
20140714,0
20140715,0
20140716,0
20140717,0
20140718,2.6
20140719,2
20140720,0
20140721,0
20140722,0
20140723,0
20140724,0
20140725,0
20140726,0
20140727,9.3
20140728,0
20140729,0
20140730,0
20140731,0
20140801,0
20140802,0
20140803,0
20140804,0
20140805,0
20140806,0
20140807,0
20140808,0
20140809,5.4
20140810,2.1
20140811,14.5
20140812,0
20140813,1.5
20140814,8.1
20140815,22.2
20140816,1.4
20140817,0
20140818,0
20140819,0
20140820,2
20140821,0
20140822,23.4
20140823,0
20140824,9.6
20140825,0
20140826,4.9
20140827,0
20140828,2
20140829,8
20140830,0
20140831,0
20140901,0
20140902,0
20140903,1
20140904,1
20140905,5
20140906,4
20140907,0
20140908,0
20140909,0
20140910,0
20140911,0
20140912,0
20140913,0
20140914,0
20140915,0
20140916,0
20140917,0
20140918,2
20140919,0
20140920,0
20140921,0
20140922,0
20140923,0
20140924,0
20140925,0
20140926,0
20140927,0
20140928,2
20140929,0
20140930,0
20141001,34.8
20141002,0
20141003,34.5
20141004,1.8
20141005,0
20141006,5
20141007,0.1
20141008,0
20141009,0
20141010,0
20141011,0
20141012,0
20141013,0
20141014,0
20141015,19.8
20141016,0
20141017,0
20141018,17.8
20141019,26.6
20141020,3.8
20141021,0
20141022,0
20141023,5.1
20141024,15.6
20141025,0
20141026,0.7
20141027,0
20141028,0
20141029,0.6
20141030,10.4
20141031,0
20141101,31.2
20141102,0.2
20141103,0
20141104,17.5
20141105,1.3
20141106,0
20141107,0
20141108,0.3
20141109,14.7
20141110,0
20141111,10.4
20141112,0.2
20141113,0.1
20141114,0.6
20141115,0
20141116,0.2
20141117,25.8
20141118,4.7
20141119,12.6
20141120,20.3
20141121,49.3
20141122,0
20141123,0.6
20141124,0
20141125,11.6
20141126,11
20141127,0
20141128,9.7
20141129,12.8
20141130,0
20141201,0
20141202,0
20141203,20
20141204,12
20141205,6
20141206,0
20141207,0
20141208,4
20141209,0
20141210,0
20141211,0
20141212,0
20141213,0
20141214,0
20141215,0
20141216,0
20141217,12
20141218,2
20141219,1
20141220,17
20141221,0
20141222,0
20141223,0
20141224,10
20141225,5
20141226,0
20141227,0
20141228,0
20141229,0
20141230,0
20141231,6
20150101,0
20150102,0
20150103,0
20150104,0
20150105,0
20150106,0
20150107,0
20150108,0
20150109,0
20150110,0
20150111,0
20150112,0
20150113,0
20150114,0
20150115,0
20150116,0
20150117,0
20150118,0
20150119,2.3
20150120,0
20150121,1.3
20150122,0
20150123,22.8
20150124,0
20150125,0
20150126,0
20150127,0
20150128,0
20150129,5.2
20150130,0
20150131,0
20150201,0
20150202,0
20150203,0.4
20150204,3.7
20150205,0
20150206,0.3
20150207,0.4
20150208,2.6
20150209,0
20150210,0
20150211,0
20150212,0
20150213,19.7
20150214,11
20150215,32
20150216,0
20150217,0.1
20150218,0
20150219,0
20150220,1.2
20150221,0.1
20150222,0
20150223,7.3
20150224,0.8
20150225,0
20150226,0
20150227,0
20150228,14
20150301,0
20150302,0
20150303,8.5
20150304,0
20150305,0
20150306,0
20150307,0
20150308,0
20150309,0
20150310,0.4
20150311,0
20150312,1.5
20150313,2.7
20150314,0
20150315,0
20150316,0
20150317,0
20150318,0
20150319,6.7
20150320,0
20150321,24.3
20150322,21.2
20150323,31.1
20150324,10.9
20150325,0
20150326,1.2
20150327,0
20150328,0.2
20150329,0.7
20150330,35.8
20150331,2.1
20150401,2.3
20150402,13.2
20150403,0.5
20150404,0
20150405,0
20150406,0
20150407,5.9
20150408,8.1
20150409,0
20150410,4.6
20150411,0
20150412,0.3
20150413,4.4
20150414,2.4
20150415,5.3
20150416,8.4
20150417,13.4
20150418,17.4
20150419,0.7
20150420,24.7
20150421,2.9
20150422,6.6
20150423,0.6
20150424,8.5
20150425,0
20150426,0
20150427,1.2
20150428,7.7
20150429,0.9
20150430,0.9
20150501,19.8
20150502,0
20150503,1
20150504,0.8
20150505,9
20150506,6.5
20150507,2.9
20150508,3.7
20150509,5.8
20150510,0
20150511,0
20150512,4
20150513,0
20150514,0.8
20150515,0
20150516,0.9
20150517,13.2
20150518,6.8
20150519,0
20150520,0
20150521,0
20150522,0
20150523,0
20150524,0
20150525,10.7
20150526,0
20150527,0.4
20150528,0
20150529,0
20150530,8.3
20150531,0
20150601,0.6
20150602,0.7
20150603,0
20150604,1.7
20150605,0
20150606,0
20150607,0
20150608,0
20150609,0
20150610,0
20150611,0
20150612,0
20150613,0
20150614,0
20150615,0
20150616,0
20150617,0.1
20150618,64.4
20150619,0.1
20150620,0.1
20150621,0
20150622,0
20150623,0
20150624,0
20150625,0
20150626,0
20150627,0
20150628,0
20150629,0
20150630,1.8
20150701,1.8
20150702,0
20150703,0.2
20150704,0
20150705,0
20150706,0
20150707,0
20150708,0
20150709,0
20150710,0
20150711,0
20150712,0
20150713,0
20150714,0
20150715,0
20150716,0
20150717,0
20150718,0
20150719,0
20150720,0
20150721,0
20150722,0
20150723,0
20150724,0
20150725,0
20150726,0
20150727,0
20150728,0
20150729,0
20150730,0
20150731,0
20150801,0
20150802,0
20150803,0
20150804,0
20150805,0
20150806,0
20150807,0
20150808,0
20150809,0
20150810,0
20150811,0
20150812,0
20150813,0
20150814,0
20150815,2.2
20150816,0
20150817,0
20150818,0
20150819,0
20150820,0
20150821,0
20150822,0
20150823,0
20150824,0
20150825,0
20150826,0
20150827,0
20150828,0
20150829,0
20150830,0.2
20150831,2.5
20150901,1.6
20150902,10
20150903,10
20150904,2.7
20150905,24.7
20150906,0
20150907,0
20150908,0
20150909,0.3
20150910,0
20150911,0
20150912,0
20150913,0
20150914,0
20150915,0
20150916,0.1
20150917,0
20150918,0
20150919,6.2
20150920,0
20150921,0
20150922,0
20150923,0
20150924,0
20150925,1.2
20150926,0
20150927,0
20150928,6.5
20150929,0
20150930,0.4
20151001,0
20151002,8.9
20151003,0.8
20151004,2.8
20151005,0
20151006,0
20151007,0
20151008,0
20151009,0.7
20151010,16.1
20151011,4.6
20151012,3.2
20151013,2.6
20151014,0
20151015,0
20151016,0.3
20151017,4.9
20151018,0
20151019,0
20151020,4.3
20151021,0
20151022,0
20151023,2.2
20151024,6.2
20151025,0.4
20151026,0
20151027,4.1
20151028,17.5
20151029,0.5
20151030,8.8
20151031,1.8
20151101,1.4
20151102,0
20151103,0.4
20151104,1.4
20151105,0.4
20151106,1.8
20151107,1.6
20151108,0.1
20151109,1.4
20151110,0
20151111,0
20151112,0
20151113,4.1
20151114,0
20151115,11.5
20151116,4.6
20151117,0.5
20151118,0
20151119,0
20151120,27
20151121,7.6
20151122,8.2
20151123,0
20151124,2.7
20151125,6.1
20151126,34.7
20151127,1.4
20151128,0
20151129,4.6
20151130,2.8
20151201,0.9
20151202,0
20151203,0.6
20151204,0
20151205,1.8
20151206,0.5
20151207,0
20151208,2.1
20151209,0.6
20151210,0
20151211,4.2
20151212,3
20151213,20.4
20151214,0
20151215,0
20151216,5.6
20151217,1.9
20151218,12.7
20151219,0
20151220,24.8
20151221,0
20151222,1.1
20151223,0
20151224,2.1
20151225,0
20151226,0
20151227,0
20151228,37.7
20151229,6.2
20151230,0
20151231,0
20160101,0
20160102,0
20160103,0
20160104,0.7
20160105,0
20160106,0
20160107,1.5
20160108,0
20160109,1.3
20160110,0.2
20160111,0
20160112,0.8
20160113,4.6
20160114,1.1
20160115,0.9
20160116,0.1
20160117,0.2
20160118,0.1
20160119,0
20160120,0
20160121,0.2
20160122,0.6
20160123,0
20160124,9.1
20160125,0
20160126,0.1
20160127,0.1
20160128,0.1
20160129,0
20160130,0
20160131,0
20160201,0
20160202,0
20160203,0
20160204,0
20160205,0
20160206,0
20160207,0.3
20160208,0.5
20160209,10.3
20160210,0
20160211,0
20160212,0
20160213,13.6
20160214,0
20160215,0
20160216,0
20160217,0
20160218,21.5
20160219,4.5
20160220,0.3
20160221,5.5
20160222,3.1
20160223,6.3
20160224,0
20160225,2.8
20160226,0
20160227,8.5
20160228,0
20160229,0
20160301,0
20160302,2.3
20160303,0.9
20160304,0.1
20160305,0
20160306,0
20160307,35.4
20160308,28.5
20160309,0
20160310,0
20160311,0
20160312,0
20160313,0
20160314,0
20160315,0
20160316,2.5
20160317,1.3
20160318,0
20160319,5.1
20160320,1.8
20160321,6.3
20160322,13.7
20160323,7.3
20160324,22.5
20160325,1.2
20160326,0
20160327,0.3
20160328,3.3
20160329,0
20160330,0.7
20160331,33.4
20160401,6.3
20160402,68.3
20160403,1.9
20160404,1.7
20160405,0
20160406,0
20160407,12.4
20160408,0
20160409,0.1
20160410,6.5
20160411,9.7
20160412,0.1
20160413,0
20160414,0
20160415,3.1
20160416,9.1
20160417,8.7
20160418,0.2
20160419,0.8
20160420,1.4
20160421,0
20160422,1.2
20160423,0
20160424,0
20160425,1.3
20160426,45.7
20160427,0.3
20160428,51.9
20160429,1.4
20160430,0.3
20160501,0.3
20160502,0
20160503,0
20160504,8.2
20160505,0
20160506,0
20160507,0
20160508,0.4
20160509,0
20160510,0
20160511,0
20160512,0
20160513,0
20160514,0
20160515,0
20160516,0
20160517,0
20160518,0
20160519,0
20160520,0
20160521,0
20160522,0
20160523,0
20160524,0
20160525,0
20160526,0
20160527,0
20160528,0
20160529,0
20160530,0
20160531,0
20160601,0
20160602,0
20160603,0.2
20160604,0
20160605,0
20160606,0
20160607,0
20160608,0
20160609,0
20160610,0
20160611,0
20160612,0
20160613,0
20160614,0
20160615,0
20160616,0
20160617,0
20160618,0
20160619,0
20160620,0
20160621,0
20160622,0
20160623,0
20160624,0
20160625,0
20160626,0
20160627,0
20160628,0
20160629,0
20160630,0
20160701,0
20160702,0
20160703,0
20160704,0
20160705,0
20160706,0
20160707,0
20160708,0
20160709,0
20160710,0
20160711,0
20160712,0
20160713,0
20160714,0
20160715,0
20160716,0
20160717,0
20160718,0
20160719,0
20160720,0
20160721,0
20160722,0
20160723,0
20160724,0
20160725,0.2
20160726,0
20160727,0
20160728,0
20160729,0
20160730,0
20160731,0
20160801,0
20160802,0
20160803,0
20160804,0
20160805,0
20160806,0
20160807,0
20160808,0
20160809,0
20160810,0
20160811,0
20160812,0
20160813,0
20160814,0
20160815,2.7
20160816,0
20160817,0
20160818,0
20160819,0
20160820,0
20160821,0
20160822,0
20160823,0
20160824,0
20160825,0
20160826,0
20160827,0
20160828,0
20160829,0
20160830,0
20160831,0
20160901,0
20160902,0
20160903,0
20160904,0
20160905,0
20160906,0
20160907,0.5
20160908,0.3
20160909,0.1
20160910,0
20160911,0
20160912,0
20160913,0
20160914,45.5
20160915,1.8
20160916,68.1
20160917,6.7
20160918,0
20160919,0.7
20160920,0
20160921,0
20160922,0
20160923,0
20160924,9.9
20160925,0
20160926,0
20160927,8.7
20160928,5.1
20160929,0
20160930,0
20161001,21.2
20161002,27.8
20161003,0.3
20161004,2.6
20161005,0
20161006,1.4
20161007,0
20161008,0
20161009,5.8
20161010,0
20161011,0.1
20161012,0
20161013,0
20161014,0
20161015,0
20161016,1.4
20161017,0
20161018,0
20161019,0.6
20161020,0
20161021,0
20161022,0
20161023,0.2
20161024,0
20161025,0
20161026,38.7
20161027,1.7
20161028,0
20161029,0
20161030,0
20161031,0
20161101,2.8
20161102,0
20161103,20.4
20161104,0.1
20161105,0.3
20161106,0
20161107,0
20161108,0
20161109,0
20161110,0
20161111,0.3
20161112,5.1
20161113,5.8
20161114,0
20161115,0
20161116,19.6
20161117,6.5
20161118,4.7
20161119,5.4
20161120,0
20161121,1.7
20161122,7.8
20161123,4.5
20161124,16.2
20161125,0.3
20161126,23.9
20161127,0.7
20161128,0.9
20161129,0
20161130,14.5
20161201,0
20161202,0
20161203,20
20161204,11
20161205,0
20161206,5
20161207,0
20161208,0
20161209,0
20161210,18
20161211,13
20161212,16
20161213,17
20161214,2
20161215,7
20161216,0
20161217,13
20161218,0
20161219,0
20161220,0
20161221,0
20161222,0
20161223,0
20161224,0
20161225,0
20161226,1
20161227,0
20161228,3
20161229,0
20161230,1
20161231,0
20170101,14.5
20170102,0.9
20170103,0
20170104,0
20170105,0
20170106,0
20170107,0
20170108,0
20170109,0
20170110,0
20170111,0
20170112,0
20170113,0
20170114,0
20170115,0
20170116,3.2
20170117,0
20170118,0
20170119,0
20170120,0
20170121,61.2
20170122,0
20170123,12.5
20170124,0
20170125,0
20170126,0
20170127,0
20170128,2.8
20170129,0.1
20170130,15.3
20170131,0.1
20170201,0
20170202,5.9
20170203,34.2
20170204,0
20170205,0
20170206,0
20170207,0
20170208,0.4
20170209,0
20170210,0
20170211,0.7
20170212,0
20170213,0.9
20170214,0
20170215,7.4
20170216,0.9
20170217,31.4
20170218,0.5
20170219,0.9
20170220,1.1
20170221,5.4
20170222,0
20170223,5.6
20170224,0.7
20170225,0
20170226,1.4
20170227,7.8
20170228,0
20170301,3.4
20170302,0
20170303,6
20170304,0.2
20170305,0
20170306,0
20170307,0
20170308,25.4
20170309,0
20170310,0
20170311,0.3
20170312,0
20170313,0
20170314,0
20170315,6
20170316,4.7
20170317,0
20170318,0
20170319,0
20170320,2.1
20170321,7.6
20170322,10.1
20170323,17.8
20170324,2.8
20170325,0
20170326,0
20170327,0
20170328,0.2
20170329,10.9
20170330,2.5
20170331,0.8
20170401,0
20170402,1.4
20170403,0
20170404,0
20170405,0
20170406,1.9
20170407,19.4
20170408,1.4
20170409,11.5
20170410,0.2
20170411,0
20170412,2.7
20170413,0
20170414,0
20170415,0.1
20170416,6.7
20170417,0
20170418,0
20170419,14.2
20170420,29.9
20170421,2.5
20170422,0
20170423,0
20170424,4.9
20170425,17.2
20170426,27
20170427,0
20170428,0
20170429,0
20170430,4.6
20170501,4.1
20170502,5.8
20170503,0
20170504,0.5
20170505,40.3
20170506,4.3
20170507,1
20170508,5.3
20170509,4.3
20170510,0.9
20170511,13.2
20170512,5.7
20170513,0.5
20170514,0
20170515,0
20170516,0
20170517,0
20170518,0
20170519,0.3
20170520,0
20170521,0
20170522,0
20170523,0
20170524,0
20170525,0
20170526,0
20170527,0
20170528,0
20170529,0
20170530,0
20170531,0
20170601,0
20170602,0.8
20170603,0
20170604,0.1
20170605,0
20170606,0
20170607,0
20170608,0
20170609,0
20170610,0
20170611,0
20170612,0
20170613,0
20170614,0
20170615,0
20170616,0
20170617,0
20170618,0
20170619,0
20170620,0
20170621,0
20170622,0
20170623,0
20170624,0
20170625,0
20170626,0
20170627,0
20170628,0
20170629,0
20170630,0
20170701,0
20170702,0
20170703,0
20170704,0
20170705,0
20170706,0
20170707,0
20170708,0
20170709,0
20170710,0
20170711,0
20170712,0
20170713,0
20170714,0
20170715,0
20170716,0
20170717,0
20170718,0
20170719,0
20170720,0
20170721,0
20170722,0
20170723,0
20170724,0
20170725,0
20170726,0
20170727,0
20170728,0
20170729,0
20170730,0
20170731,0
20170801,0
20170802,0
20170803,0
20170804,0
20170805,0
20170806,0
20170807,0
20170808,0
20170809,0
20170810,0
20170811,0
20170812,0
20170813,0
20170814,0
20170815,0
20170816,0
20170817,0
20170818,0
20170819,1.2
20170820,2.2
20170821,0
20170822,0
20170823,0
20170824,0
20170825,0
20170826,0
20170827,0
20170828,0
20170829,0
20170830,0
20170831,0
20170901,0
20170902,0
20170903,0
20170904,0
20170905,0
20170906,0
20170907,0
20170908,0
20170909,0
20170910,0
20170911,0
20170912,0
20170913,0
20170914,0
20170915,0
20170916,0
20170917,0
20170918,0
20170919,0
20170920,0
20170921,0
20170922,0
20170923,0
20170924,0
20170925,0
20170926,0
20170927,0
20170928,0
20170929,0
20170930,0
20171001,0
20171002,2.6
20171003,1
20171004,0
20171005,0
20171006,0
20171007,0
20171008,0
20171009,0
20171010,0
20171011,0
20171012,12.2
20171013,0.5
20171014,1.9
20171015,0
20171016,0
20171017,0
20171018,0
20171019,1.1
20171020,5.1
20171021,1.6
20171022,0
20171023,0
20171024,1
20171025,2.5
20171026,0
20171027,6.5
20171028,32.1
20171029,1.5
20171030,0
20171031,0.2
20171101,0
20171102,0.3
20171103,0
20171104,6.5
20171105,14.9
20171106,24.8
20171107,0
20171108,0
20171109,0.5
20171110,0
20171111,20.1
20171112,18.5
20171113,0.5
20171114,2
20171115,0.2
20171116,1.5
20171117,9
20171118,0.4
20171119,0.4
20171120,2.2
20171121,0
20171122,0
20171123,0
20171124,5
20171125,23.5
20171126,0
20171127,0
20171128,0
20171129,0
20171130,9.1
20171201,0
20171202,0
20171203,6
20171204,0
20171205,0
20171206,0
20171207,0.3
20171208,0.6
20171209,2.2
20171210,0
20171211,0
20171212,0
20171213,0
20171214,0
20171215,0
20171216,0
20171217,0
20171218,0
20171219,0.2
20171220,12.6
20171221,3.2
20171222,0
20171223,0
20171224,0
20171225,0
20171226,0
20171227,0
20171228,6.4
20171229,0
20171230,0
20171231,10
20180101,0
20180102,2.5
20180103,1.8
20180104,11.7
20180105,0.6
20180106,20.6
20180107,0
20180108,0
20180109,0
20180110,7.2
20180111,0.1
20180112,0
20180113,0.1
20180114,8.2
20180115,4.2
20180116,0
20180117,10.4
20180118,0
20180119,1.3
20180120,12.5
20180121,0
20180122,0.5
20180123,10.2
20180124,0.3
20180125,0.4
20180126,0
20180127,4.4
20180128,0
20180129,0
20180130,42.5
20180131,0
20180201,0
20180202,5.9
20180203,0
20180204,6.4
20180205,0
20180206,0
20180207,0
20180208,0
20180209,0
20180210,0
20180211,0
20180212,0
20180213,1.9
20180214,4.2
20180215,0.7
20180216,0
20180217,0
20180218,0
20180219,0
20180220,1.5
20180221,0
20180222,4.5
20180223,8.5
20180224,0.5
20180225,7.5
20180226,0
20180227,0
20180228,0.2
20180301,2.2
20180302,6.2
20180303,28.7
20180304,0.6
20180305,9.7
20180306,0.3
20180307,0
20180308,0.2
20180309,17.6
20180310,1.1
20180311,0.2
20180312,9.4
20180313,3.3
20180314,32.4
20180315,5.5
20180316,15.7
20180317,1
20180318,4.9
20180319,2.6
20180320,0
20180321,16.3
20180322,0
20180323,8.7
20180324,0.5
20180325,0.8
20180326,0
20180327,11.9
20180328,7.2
20180329,9.8
20180330,23.3
20180331,24.7
20180401,40.5
20180402,0.2
20180403,39.1
20180404,5.4
20180405,0.5
20180406,1.2
20180407,0.1
20180408,28.5
20180409,0
20180410,3.3
20180411,2.2
20180412,0.1
20180413,17.3
20180414,0
20180415,3.5
20180416,2.4
20180417,1.7
20180418,19.7
20180419,0.1
20180420,1.4
20180421,18.2
20180422,0.3
20180423,4.3
20180424,0.1
20180425,4.7
20180426,20.2
20180427,15.1
20180428,0
20180429,21.7
20180430,0
20180501,21.2
20180502,0.4
20180503,0
20180504,12.1
20180505,0
20180506,70.5
20180507,2.9
20180508,5.3
20180509,3.5
20180510,1.3
20180511,3.4
20180512,0.2
20180513,0
20180514,0.5
20180515,0
20180516,27.9
20180517,0
20180518,0.2
20180519,0.6
20180520,0
20180521,43.2
20180522,0.4
20180523,16.4
20180524,0.2
20180525,0
20180526,0.2
20180527,0
20180528,0
20180529,0
20180530,0
20180531,0
20180601,0
20180602,0
20180603,0
20180604,31.2
20180605,5.7
20180606,0
20180607,0
20180608,0
20180609,0
20180610,0
20180611,0
20180612,0
20180613,0
20180614,0
20180615,0
20180616,0
20180617,0
20180618,0
20180619,0
20180620,0
20180621,0
20180622,0
20180623,0
20180624,0
20180625,0
20180626,0
20180627,0
20180628,0
20180629,0
20180630,0
20180701,0
20180702,0
20180703,0
20180704,0
20180705,0
20180706,0
20180707,0
20180708,0
20180709,0
20180710,0
20180711,0
20180712,0
20180713,0
20180714,0
20180715,0
20180716,0
20180717,0
20180718,0
20180719,0
20180720,0
20180721,0
20180722,0
20180723,0
20180724,0
20180725,0
20180726,0
20180727,0
20180728,0
20180729,0
20180730,0
20180731,1.5
20180801,19
20180802,0
20180803,0
20180804,2.4
20180805,0
20180806,0
20180807,1.2
20180808,0
20180809,0
20180810,0
20180811,0
20180812,0
20180813,0
20180814,0
20180815,0
20180816,0
20180817,0
20180818,0
20180819,0
20180820,0
20180821,0
20180822,24
20180823,1.5
20180824,0
20180825,0.9
20180826,15.5
20180827,0
20180828,0.3
20180829,37.4
20180830,0
20180831,0
20180901,0
20180902,0
20180903,0
20180904,0.5
20180905,0
20180906,0.9
20180907,0
20180908,0
20180909,0
20180910,0
20180911,0.8
20180912,38.3
20180913,0.7
20180914,0.4
20180915,0
20180916,1.2
20180917,0.4
20180918,0
20180919,0
20180920,3.2
20180921,0
20180922,0
20180923,37
20180924,3.7
20180925,3.4
20180926,0
20180927,0
20180928,0
20180929,4.8
20180930,0
20181001,0
20181002,0.3
20181003,2.1
20181004,1.4
20181005,1.7
20181006,0
20181007,0
20181008,0.9
20181009,2
20181010,3.4
20181011,1
20181012,0.7
20181013,21.8
20181014,0
20181015,0.4
20181016,0
20181017,6.1
20181018,5.6
20181019,32.7
20181020,0.3
20181021,0
20181022,0
20181023,0
20181024,0
20181025,0.5
20181026,1.7
20181027,3.9
20181028,0
20181029,0
20181030,12.1
20181031,27
20181101,4.1
20181102,1.6
20181103,1.8
20181104,13.8
20181105,0
20181106,18.5
20181107,1.5
20181108,0
20181109,0
20181110,0
20181111,0.2
20181112,2.5
20181113,3.4
20181114,0
20181115,1
20181116,0.1
20181117,1.7
20181118,0
20181119,0
20181120,0
20181121,0
20181122,0.5
20181123,0
20181124,39.6
20181125,12.5
20181126,0.3
20181127,0.4
20181128,0
20181129,0
20181130,0
20181201,0
20181202,0
20181203,27.2
20181204,2.9
20181205,44.4
20181206,0
20181207,13.1
20181208,27.3
20181209,3.6
20181210,0.2
20181211,1.3
20181212,1.4
20181213,6.4
20181214,5
20181215,0.3
20181216,11.5
20181217,0
20181218,0.2
20181219,10.8
20181220,16.9
20181221,0.3
20181222,0
20181223,0.4
20181224,0.2
20181225,0
20181226,0
20181227,0
20181228,0
20181229,0.6
20181230,0
20181231,1
20190101,4.5
20190102,0
20190103,0.4
20190104,4.9
20190105,0.3
20190106,14.1
20190107,0
20190108,0
20190109,0
20190110,0
20190111,0
20190112,0
20190113,0
20190114,0
20190115,0.4
20190116,0
20190117,5.1
20190118,0.3
20190119,0
20190120,35.1
20190121,0
20190122,5.2
20190123,0
20190124,29.4
20190125,0
20190126,0.8
20190127,0
20190128,0
20190129,0
20190130,0
20190131,0
20190201,0
20190202,0
20190203,0
20190204,0
20190205,0.2
20190206,0.1
20190207,0
20190208,0
20190209,0
20190210,0
20190211,1.8
20190212,0
20190213,0
20190214,0
20190215,7.4
20190216,0
20190217,0.4
20190218,0
20190219,0
20190220,0
20190221,3.6
20190222,5.6
20190223,12.5
20190224,0.1
20190225,4.9
20190226,0
20190227,0
20190228,0
20190301,0
20190302,0.2
20190303,3.8
20190304,5.5
20190305,2.3
20190306,4.1
20190307,4
20190308,0
20190309,0
20190310,1.5
20190311,0
20190312,0
20190313,0
20190314,6.5
20190315,0
20190316,27.9
20190317,0
20190318,0
20190319,0
20190320,0
20190321,6
20190322,0
20190323,0
20190324,4.3
20190325,0.1
20190326,1
20190327,12.8
20190328,6.7
20190329,0
20190330,12.7
20190331,0
20190401,6.7
20190402,0
20190403,1.4
20190404,15.2
20190405,0
20190406,3.4
20190407,0.2
20190408,0
20190409,2.1
20190410,0
20190411,9.3
20190412,7.8
20190413,0.1
20190414,40.3
20190415,0.2
20190416,18.6
20190417,0.1
20190418,0
20190419,0
20190420,0
20190421,0.6
20190422,37
20190423,0
20190424,2.6
20190425,0
20190426,0.2
20190427,0
20190428,0
20190429,0.6
20190430,3.2
20190501,0.3
20190502,0
20190503,0
20190504,5.4
20190505,2.1
20190506,0.4
20190507,37.8
20190508,7.4
20190509,3.3
20190510,25.4
20190511,4.7
20190512,0
20190513,1.1
20190514,0
20190515,0
20190516,0
20190517,0
20190518,0
20190519,18.2
20190520,2.1
20190521,0.7
20190522,26
20190523,11.5
20190524,0.7
20190525,0
20190526,0
20190527,0.6
20190528,0
20190529,0
20190530,0
20190531,0
20190601,0
20190602,0
20190603,0
20190604,0
20190605,0
20190606,0
20190607,0
20190608,0
20190609,0
20190610,0
20190611,0
20190612,0
20190613,0
20190614,0
20190615,0
20190616,0
20190617,0
20190618,0.3
20190619,1.2
20190620,0
20190621,0
20190622,0
20190623,0
20190624,0
20190625,0
20190626,0
20190627,0
20190628,0
20190629,0
20190630,0
20190701,0
20190702,0
20190703,0
20190704,0
20190705,0
20190706,0
20190707,0
20190708,0
20190709,0
20190710,0
20190711,0
20190712,0
20190713,9.4
20190714,0
20190715,0
20190716,0
20190717,0
20190718,0
20190719,0
20190720,0
20190721,0
20190722,0
20190723,0
20190724,0
20190725,0
20190726,0
20190727,0
20190728,0
20190729,0
20190730,0
20190731,0
20190801,0
20190802,0.6
20190803,8.2
20190804,3
20190805,0
20190806,0
20190807,0
20190808,0
20190809,0.7
20190810,0
20190811,0
20190812,0
20190813,0
20190814,0
20190815,0
20190816,0
20190817,0
20190818,0
20190819,0
20190820,0
20190821,0
20190822,0
20190823,0
20190824,0
20190825,0
20190826,0
20190827,0
20190828,0
20190829,0
20190830,1.2
20190831,0
20190901,10
20190902,2.5
20190903,0.7
20190904,1.9
20190905,0
20190906,0
20190907,2.5
20190908,0
20190909,0.1
20190910,0
20190911,0
20190912,0
20190913,0
20190914,13
20190915,0.5
20190916,0.4
20190917,3.3
20190918,0
20190919,0
20190920,5.2
20190921,0
20190922,0
20190923,0
20190924,2.2
20190925,0
20190926,1.5
20190927,3.1
20190928,2.5
20190929,0
20190930,0
20191001,26.5
20191002,0
20191003,16
20191004,0.2
20191005,0
20191006,6.3
20191007,6.8
20191008,0
20191009,0
20191010,0
20191011,15.6
20191012,12.8
20191013,33.3
20191014,10.7
20191015,0
20191016,8.6
20191017,0.8
20191018,0
20191019,0
20191020,2.5
20191021,4.1
20191022,0.4
20191023,12.7
20191024,18.4
20191025,28.3
20191026,9.4
20191027,1.9
20191028,15.9
20191029,0.2
20191030,0
20191031,0.1
20191101,2.4
20191102,0
20191103,0.3
20191104,5.1
20191105,0.3
20191106,0
20191107,2.6
20191108,2.4
20191109,5.7
20191110,28.9
20191111,14.5
20191112,16.5
20191113,0
20191114,5.3
20191115,2.6
20191116,0
20191117,0.1
20191118,0
20191119,20.7
20191120,21.9
20191121,0.7
20191122,0.3
20191123,24.6
20191124,0.5
20191125,0
20191126,24.4
20191127,16.3
20191128,5.5
20191129,18.7
20191130,0
20191201,12.8
20191202,0.3
20191203,1.8
20191204,15.8
20191205,0.7
20191206,12.7
20191207,17.7
20191208,1.3
20191209,2.4
20191210,15.4
20191211,0.9
20191212,1.6
20191213,1
20191214,0.1
20191215,0
20191216,0
20191217,0.8
20191218,0
20191219,0
20191220,0
20191221,0
20191222,18.2
20191223,0.2
20191224,0
20191225,140
20191226,0
20191227,0.1
20191228,0.1
20191229,0
20191230,0.3
20191231,0
20200101,0
20200102,0.7
20200103,0
20200104,0.1
20200105,2.8
20200106,0
20200107,6.8
20200108,14.1
20200109,3.4
20200110,0.3
20200111,0
20200112,3.4
20200113,0
20200114,0
20200115,0
20200116,9
20200117,2.2
20200118,2.3
20200119,0.3
20200120,0
20200121,0
20200122,11.7
20200123,20.4
20200124,0.1
20200125,0
20200126,3
20200127,0.1
20200128,82.4
20200129,0.3
20200130,0
20200131,0
20200201,23.6
20200202,79
20200203,23
20200204,4.2
20200205,12.3
20200206,2
20200207,0
20200208,0
20200209,0
20200210,0
20200211,0
20200212,0
20200213,0
20200214,2
20200215,0
20200216,0
20200217,0
20200218,0
20200219,8
20200220,4.2
20200221,1.3
20200222,1.5
20200223,0.5
20200224,1.2
20200225,7.8
20200226,0
20200227,0
20200228,15.7
20200229,0
20200301,54.6
20200302,14.3
20200303,16.8
20200304,4
20200305,1.5
20200306,0.3
20200307,0
20200308,0
20200309,13.1
20200310,0.2
20200311,4.7
20200312,7.5
20200313,0.2
20200314,0
20200315,0
20200316,0
20200317,41.2
20200318,3.5
20200319,4.5
20200320,0.7
20200321,20.9
20200322,0
20200323,0
20200324,15.7
20200325,0.2
20200326,3.3
20200327,6.1
20200328,0
20200329,0.2
20200330,0
20200331,0.5
20200401,0.5
20200402,5.9
20200403,0
20200404,0.6
20200405,0
20200406,0
20200407,0.5
20200408,5.8
20200409,0
20200410,6.6
20200411,14.4
20200412,0
20200413,0
20200414,14
20200415,1.6
20200416,0
20200417,96
20200418,7.2
20200419,22.2
20200420,16
20200421,1
20200422,31.7
20200423,0.5
20200424,18.7
20200425,45.8
20200426,0.1
20200427,0.6
20200428,9.4
20200429,3.9
20200430,20.3
20200501,1
20200502,0.2
20200503,0.1
20200504,0
20200505,0
20200506,0
20200507,2.3
20200508,0
20200509,0.2
20200510,0
20200511,1.3
20200512,14.4
20200513,0.1
20200514,0
20200515,0
20200516,6.5
20200517,1
20200518,0
20200519,0
20200520,1.6
20200521,0
20200522,0
20200523,0
20200524,0
20200525,0
20200526,0
20200527,0
20200528,0
20200529,0
20200530,0
20200531,0
20200601,0
20200602,0
20200603,0
20200604,0
20200605,0
20200606,0
20200607,0
20200608,0
20200609,0
20200610,1
20200611,0
20200612,0.3
20200613,0.2
20200614,0.3
20200615,0
20200616,0
20200617,0
20200618,0
20200619,0
20200620,0
20200621,1.3
20200622,0
20200623,0
20200624,0
20200625,0
20200626,0
20200627,0
20200628,0
20200629,0
20200630,0
20200701,0
20200702,0
20200703,0
20200704,0
20200705,0
20200706,0
20200707,0
20200708,0
20200709,0
20200710,0
20200711,0
20200712,0
20200713,0
20200714,0
20200715,0
20200716,0.2
20200717,0
20200718,0
20200719,0
20200720,0
20200721,0
20200722,0
20200723,0.2
20200724,0
20200725,0
20200726,0
20200727,0
20200728,0
20200729,0
20200730,0
20200731,0
20200801,0
20200802,0
20200803,0
20200804,0
20200805,0
20200806,0
20200807,0
20200808,0
20200809,0
20200810,0.2
20200811,0
20200812,0
20200813,0
20200814,0
20200815,0
20200816,0
20200817,0
20200818,0
20200819,0
20200820,0
20200821,0
20200822,0
20200823,0
20200824,0
20200825,0
20200826,0
20200827,0
20200828,0
20200829,0
20200830,0
20200831,0.2
20200901,0
20200902,0
20200903,0
20200904,0
20200905,0
20200906,0.3
20200907,3.6
20200908,0.7
20200909,0
20200910,0
20200911,0
20200912,0
20200913,0
20200914,1
20200915,0.2
20200916,0.5
20200917,0
20200918,0
20200919,0
20200920,0
20200921,0.1
20200922,1.5
20200923,1.4
20200924,0
20200925,1.9
20200926,11.5
20200927,0.8
20200928,2.7
20200929,8.5
20200930,0
20201001,9.6
20201002,2.2
20201003,0.6
20201004,8.2
20201005,0
20201006,0
20201007,0
20201008,6.8
20201009,0
20201010,0
20201011,0
20201012,0
20201013,0
20201014,0
20201015,1.5
20201016,0
20201017,0
20201018,0
20201019,2.1
20201020,20.6
20201021,7.5
20201022,0
20201023,0.1
20201024,0
20201025,1.2
20201026,4.1
20201027,56.3
20201028,1
20201029,18.9
20201030,13
20201031,12.7
20201101,0.7
20201102,5.9
20201103,0
20201104,0
20201105,12.3
20201106,14
20201107,0.4
20201108,9.9
20201109,0
20201110,39
20201111,0.7
20201112,0
20201113,6.2
20201114,5.3
20201115,11.2
20201116,0
20201117,1
20201118,1.6
20201119,0
20201120,0
20201121,3.4
20201122,1
20201123,0.6
20201124,15.2
20201125,13.3
20201126,0
20201127,0
20201128,9.6
20201129,8
20201130,0.2
20201201,0
20201202,1.7
20201203,6.3
20201204,0.1
20201205,0
20201206,0
20201207,6.7
20201208,0
20201209,0
20201210,0
20201211,0
20201212,0
20201213,11.3
20201214,0
20201215,0
20201216,0
20201217,0.1
20201218,4.4
20201219,21.6
20201220,13.6
20201221,9.1
20201222,0
20201223,0
20201224,4.9
20201225,0
20201226,2.3
20201227,1.2
20201228,0
20201229,0
20201230,0
20201231,4.5
20210101,0
20210102,11.9
20210103,0.2
20210104,1.5
20210105,0
20210106,7.8
20210107,0
20210108,57.9
20210109,4.1
20210110,1.1
20210111,1.2
20210112,2.7
20210113,26.3
20210114,0.5
20210115,6.6
20210116,2.5
20210117,0
20210118,0
20210119,19.6
20210120,2.1
20210121,0
20210122,0
20210123,1.2
20210124,0
20210125,0
20210126,0
20210127,0.8
20210128,0
20210129,2.2
20210130,0
20210131,0
20210201,0
20210202,0
20210203,0
20210204,2.4
20210205,33.3
20210206,1.3
20210207,0
20210208,18.3
20210209,0
20210210,0
20210211,2.5
20210212,0.3
20210213,11.6
20210214,8
20210215,10.7
20210216,0.2
20210217,0
20210218,0
20210219,0
20210220,0
20210221,0
20210222,14.8
20210223,1.4
20210224,4.7
20210225,0
20210226,2.1
20210227,0
20210228,0
20210301,0
20210302,0
20210303,40.1
20210304,0
20210305,7.8
20210306,0
20210307,6.7
20210308,2.4
20210309,2.8
20210310,0
20210311,0
20210312,0
20210313,0
20210314,0
20210315,0
20210316,41.1
20210317,14.6
20210318,6.9
20210319,1.1
20210320,13.3
20210321,9.4
20210322,3
20210323,6.5
20210324,0
20210325,0
20210326,2.1
20210327,4.1
20210328,0
20210329,0.5
20210330,17.6
20210331,0
20210401,0
20210402,0
20210403,22.7
20210404,0.1
20210405,2.3
20210406,0
20210407,2.8
20210408,7.4
20210409,0.1
20210410,16.5
20210411,0.3
20210412,10.1
20210413,1.1
20210414,0
20210415,0
20210416,0
20210417,7.4
20210418,10.9
20210419,0.8
20210420,21.5
20210421,5.4
20210422,5.6
20210423,7.4
20210424,0.1
20210425,4.2
20210426,0
20210427,0
20210428,0
20210429,0
20210430,4.2
20210501,0
20210502,0.2
20210503,3.1
20210504,7.2
20210505,1.6
20210506,12.4
20210507,11.7
20210508,0.8
20210509,58.5
20210510,18.2
20210511,2.1
20210512,23.1
20210513,1
20210514,9.8
20210515,0.4
20210516,0
20210517,3.5
20210518,0
20210519,0
20210520,0
20210521,0
20210522,0
20210523,0
20210524,0
20210525,0
20210526,0
20210527,0
20210528,0
20210529,0
20210530,0
20210531,0
20210601,0
20210602,0
20210603,0
20210604,0
20210605,0
20210606,0
20210607,0
20210608,0
20210609,0
20210610,0
20210611,0
20210612,0
20210613,0
20210614,0
20210615,0
20210616,0
20210617,0.3
20210618,1.2
20210619,0
20210620,0
20210621,0
20210622,0
20210623,0
20210624,0
20210625,0
20210626,0
20210627,0
20210628,0
20210629,0
20210630,0
20210701,0
20210702,0
20210703,0
20210704,0
20210705,0
20210706,0
20210707,0
20210708,0.5
20210709,0
20210710,0
20210711,0
20210712,0
20210713,0
20210714,9.8
20210715,0.3
20210716,0
20210717,0
20210718,0
20210719,0
20210720,0
20210721,0
20210722,0
20210723,0
20210724,0
20210725,0
20210726,0
20210727,0
20210728,0
20210729,0
20210730,0
20210731,0
20210801,0
20210802,0
20210803,0
20210804,0
20210805,0
20210806,0
20210807,0
20210808,0
20210809,0.7
20210810,4.3
20210811,0
20210812,16.5
20210813,1.1
20210814,12.6
20210815,0
20210816,0
20210817,0
20210818,0
20210819,0
20210820,0.4
20210821,0.3
20210822,0
20210823,0
20210824,0
20210825,0
20210826,0
20210827,0
20210828,0
20210829,2.4
20210830,25.1
20210831,0.1
20210901,0.1
20210902,6.2
20210903,0.8
20210904,0
20210905,0
20210906,0
20210907,0
20210908,0.2
20210909,0
20210910,0
20210911,0.2
20210912,0
20210913,0
20210914,0
20210915,1.6
20210916,2.5
20210917,0
20210918,14.3
20210919,2.6
20210920,0
20210921,0
20210922,2.4
20210923,0.2
20210924,4.5
20210925,0
20210926,3.4
20210927,18.7
20210928,33.1
20210929,0
20210930,0.3
20211001,6.3
20211002,0.2
20211003,2
20211004,0
20211005,1.8
20211006,0
20211007,0
20211008,0
20211009,0
20211010,0.2
20211011,0.8
20211012,0
20211013,0
20211014,0
20211015,0.2
20211016,0
20211017,0
20211018,4.5
20211019,0.2
20211020,15.5
20211021,0.2
20211022,0
20211023,5.6
20211024,0.6
20211025,2.5
20211026,15.5
20211027,0.3
20211028,0
20211029,0
20211030,0
20211031,0
20211101,17.9
20211102,0
20211103,0
20211104,16.4
20211105,0.6
20211106,9.1
20211107,0
20211108,0
20211109,0
20211110,0
20211111,0
20211112,36.2
20211113,0.2
20211114,0.3
20211115,0.1
20211116,0.3
20211117,3.1
20211118,0.2
20211119,0.3
20211120,0.4
20211121,0.1
20211122,0
20211123,0
20211124,0
20211125,9.8
20211126,0.1
20211127,1.5
20211128,0.2
20211129,6.8
20211130,0.7
20211201,2.7
20211202,1.6
20211203,0.4
20211204,2
20211205,5.7
20211206,0
20211207,0.9
20211208,0.2
20211209,0
20211210,1.7
20211211,6.3
20211212,6
20211213,13.4
20211214,0
20211215,0
20211216,0
20211217,17.8
20211218,0.8
20211219,0
20211220,0.6
20211221,0.8
20211222,4.1
20211223,4.9
20211224,0
20211225,4.6
20211226,0.3
20211227,1.1
20211228,0
20211229,1.4
20211230,0.2
20211231,10.3
,
,
